{
  "omega": 0.49,
  "L": 2.0,
  "s0": 0.2825,
  "sourceMin": 0.08,
  "sourceMax": 0.52,
  "sourceGrid": 9,
  "bases": [
    18,
    20,
    22
  ],
  "constraintRule": "ratio-floor",
  "constraintRatio": 0.625,
  "cutoff": 6,
  "jetOrder": 9,
  "maxTraceQ": 10,
  "lambda0": -0.00012862612661029079,
  "lambda1": 9.42101395763874e-06,
  "gap": 0.00013804714056792953,
  "e8AtS0": -0.17949627136147217,
  "lambdaDerivatives": [
    -0.00012862612661029079,
    0.0012586353561607226,
    -0.010569790654668558,
    0.08131470927283976,
    -0.48480406794895253,
    0.3262134539749114,
    33.05440359008409,
    -172.53886154243878,
    -11867.497399991053,
    225121.96880967333,
    3735520.511510404
  ],
  "rows": [
    {
      "basis": 18,
      "constraints": 11,
      "traceMin": 0.02,
      "traceMax": 0.545,
      "rank": 11,
      "nullity": 7,
      "positiveModes": 7,
      "cutoff": 6,
      "highModes": 1,
      "lambdaMinA": 1.0052047510858405e-08,
      "lambdaMaxA": 0.1543899343461991,
      "lambdaMinHigh": 0.1543899343461991,
      "lambdaMaxHigh": 0.1543899343461991,
      "maxHighConstant": 49336.03299798124,
      "maxDerivativeHighConstant": 6927.471863561486,
      "maxFullConstant": 219604805171.44058,
      "maxDerivativeFullConstant": 30671917688.367966,
      "maxHighFullFrac": 2.2465825808987055e-07,
      "maxDerivativeHighFullFrac": 2.2669608772815625e-07,
      "worstU": 0.08,
      "worstDerivativeU": 0.52,
      "rows": [
        {
          "u": 0.08,
          "pStar": -107.41740043918624,
          "dPStar": 21.951179400950767,
          "highConstant": 49336.03299798124,
          "fullConstant": 219604805171.44058,
          "highFullFrac": 2.2465825808987055e-07,
          "dHighConstant": 2041.0627441559438,
          "dFullConstant": 9003519931.06954,
          "dHighFullFrac": 2.2669608772815625e-07,
          "highRowSize": 7616.986895460235,
          "fullRowSize": 26048.37157222088,
          "dHighRowSize": 315.1195430667091,
          "dFullRowSize": 1075.9276231925385
        },
        {
          "u": 0.135,
          "pStar": -106.11998375896385,
          "dPStar": 25.18945454247282,
          "highConstant": 48162.62148455866,
          "fullConstant": 214411304426.4897,
          "highFullFrac": 2.2462724907804977e-07,
          "dHighConstant": 2687.625135872668,
          "dFullConstant": 11863652719.990736,
          "dHighFullFrac": 2.26542802567367e-07,
          "highRowSize": 7435.823968941849,
          "fullRowSize": 25429.57495955784,
          "dHighRowSize": 414.94226827457567,
          "dFullRowSize": 1416.87166362788
        },
        {
          "u": 0.19,
          "pStar": -104.6509759828204,
          "dPStar": 28.187073502008676,
          "highConstant": 46849.92533287196,
          "fullConstant": 208597863315.05518,
          "highFullFrac": 2.2459446414420992e-07,
          "dHighConstant": 3365.9154201010274,
          "dFullConstant": 14866295005.53032,
          "dHighFullFrac": 2.2641252705189115e-07,
          "highRowSize": 7233.156896266431,
          "fullRowSize": 24737.239469597083,
          "dHighRowSize": 519.6634607242568,
          "dFullRowSize": 1774.5948607346008
        },
        {
          "u": 0.245,
          "pStar": -103.02418447121939,
          "dPStar": 30.924222175913027,
          "highConstant": 45416.403321312486,
          "fullConstant": 202246184513.79834,
          "highFullFrac": 2.245600006274231e-07,
          "dHighConstant": 4052.405157553934,
          "dFullConstant": 17907316380.76867,
          "dHighFullFrac": 2.2629885301551728e-07,
          "highRowSize": 7011.835527017933,
          "fullRowSize": 23981.09952233072,
          "dHighRowSize": 625.6505662189504,
          "dFullRowSize": 2136.689367326252
        },
        {
          "u": 0.3,
          "pStar": -101.25434857934155,
          "dPStar": 33.38680926995107,
          "highConstant": 43881.24137648879,
          "fullConstant": 195441237488.86563,
          "highFullFrac": 2.245239640328655e-07,
          "dHighConstant": 4724.964530404068,
          "dFullConstant": 20888696322.193245,
          "dHighFullFrac": 2.2619719572369951e-07,
          "highRowSize": 6774.82197514582,
          "fullRowSize": 23171.27420866035,
          "dHighRowSize": 729.4869636372035,
          "dFullRowSize": 2491.4831012453856
        },
        {
          "u": 0.355,
          "pStar": -99.35682874035949,
          "dPStar": 35.5663016341222,
          "highConstant": 42263.838420234766,
          "fullConstant": 188268980212.99377,
          "highFullFrac": 2.244864680969778e-07,
          "dHighConstant": 5363.794359979579,
          "dFullConstant": 23722657597.62798,
          "dHighFullFrac": 2.2610427764703324e-07,
          "highRowSize": 6525.111238918413,
          "fullRowSize": 22317.99608205607,
          "dHighRowSize": 828.1158590837601,
          "dFullRowSize": 2828.531438744368
        },
        {
          "u": 0.41,
          "pStar": -97.34730856291115,
          "dPStar": 37.459419203492665,
          "highConstant": 40583.33700536733,
          "fullConstant": 180814277951.93304,
          "highFullFrac": 2.244476346948433e-07,
          "dHighConstant": 5952.111661120264,
          "dFullConstant": 26334712000.85028,
          "dHighFullFrac": 2.260177237149237e-07,
          "highRowSize": 6265.658735808333,
          "fullRowSize": 21431.363541550876,
          "dHighRowSize": 918.9461285816036,
          "dFullRowSize": 3138.979004074694
        },
        {
          "u": 0.465,
          "pStar": -95.24151704721294,
          "dPStar": 39.06771260142718,
          "highConstant": 38858.212491667015,
          "fullConstant": 173159080198.27515,
          "highFullFrac": 2.2440759356755973e-07,
          "dHighConstant": 6476.576818729188,
          "dFullConstant": 28665564645.011326,
          "dHighFullFrac": 2.2593578389031689e-07,
          "highRowSize": 5999.316875399124,
          "fullRowSize": 20521.124063219788,
          "dHighRowSize": 999.9182698317143,
          "dFullRowSize": 3415.7852491209787
        },
        {
          "u": 0.52,
          "pStar": -93.05497666991295,
          "dPStar": 40.39704932949021,
          "highConstant": 37105.92991498883,
          "fullConstant": 165380896505.54227,
          "highFullFrac": 2.243664818550874e-07,
          "dHighConstant": 6927.471863561486,
          "dFullConstant": 30671917688.367966,
          "dHighFullFrac": 2.2585714835132935e-07,
          "highRowSize": 5728.782083429791,
          "fullRowSize": 19596.493112860946,
          "dHighRowSize": 1069.5319262003993,
          "dFullRowSize": 3653.818797209867
        }
      ]
    },
    {
      "basis": 20,
      "constraints": 12,
      "traceMin": 0.02,
      "traceMax": 0.545,
      "rank": 12,
      "nullity": 8,
      "positiveModes": 8,
      "cutoff": 6,
      "highModes": 2,
      "lambdaMinA": 4.410511401245314e-11,
      "lambdaMaxA": 0.1543899487639319,
      "lambdaMinHigh": 0.009537782083561406,
      "lambdaMaxHigh": 0.1543899487639319,
      "maxHighConstant": 934694.7045980463,
      "maxDerivativeHighConstant": 131172.6997163925,
      "maxFullConstant": 782580379048.2869,
      "maxDerivativeFullConstant": 109381008518.1612,
      "maxHighFullFrac": 1.1943753378212075e-06,
      "maxDerivativeHighFullFrac": 1.2016772286010286e-06,
      "worstU": 0.08,
      "worstDerivativeU": 0.52,
      "rows": [
        {
          "u": 0.08,
          "pStar": -107.41740043918624,
          "dPStar": 21.951179400950767,
          "highConstant": 934694.7045980463,
          "fullConstant": 782580379048.2869,
          "highFullFrac": 1.1943753378212075e-06,
          "dHighConstant": 38630.085866932364,
          "dFullConstant": 32146806935.756638,
          "dHighFullFrac": 1.2016772286010286e-06,
          "highRowSize": 16067.842703159009,
          "fullRowSize": 38895.64874530573,