{
  "omega": 0.49,
  "L": 2.0,
  "s0": 0.2825,
  "basis": 18,
  "cutoff": 6,
  "localConstraints": 10,
  "globalConstraints": 11,
  "constraintMin": 0.02,
  "constraintMax": 0.545,
  "traceCenters": [
    0.02,
    0.0725,
    0.125,
    0.1775,
    0.23,
    0.2825,
    0.335,
    0.3875,
    0.44,
    0.4925,
    0.545
  ],
  "sourceNodes": [
    0.08,
    0.135,
    0.19,
    0.245,
    0.3,
    0.355,
    0.41,
    0.465,
    0.52
  ],
  "activeTol": 1e-08,
  "activeFloor": 182.85135401773348,
  "activeDim": 2,
  "sourceTop": 18285135401.77335,
  "sourceSingularDirections": [
    {
      "sourceEigenIndex": 3,
      "sourceEigenvalue": 226461.95322692656,
      "relativeToTop": 1.2385030148858706e-05
    },
    {
      "sourceEigenIndex": 4,
      "sourceEigenvalue": 18285135401.77335,
      "relativeToTop": 1.0
    }
  ],
  "traceRankOnActive": 2,
  "traceGramEigenvalues": [
    6746.882562520208,
    61716774.728149824
  ],
  "traceGramTol": 6.171677472814983e-19,
  "coefficientFrobenius": 201.4153360841363,
  "coefficientOperator": 201.41472755309704,
  "sourceActiveFrobenius": 135223.37765241103,
  "rangeResidualFrobenius": 3.2613201418224435e-64,
  "rangeResidualRelative": 2.411802011191882e-69,
  "rowProfiles": [
    {
      "sourceNode": 0.08,
      "component": "boundary",
      "coefficients": [
        2.38962057566194,
        1.2087056167078396,
        0.21100807490088902,
        -0.6154477946995524,
        -1.2698656448035437,
        -1.7491134768374927,
        -2.0498679782375886,
        -2.168790876071462,
        -2.102432422824172,
        -1.8481784096161464,
        -1.4468814576051414
      ],
      "stats": {
        "l1Grid": 0.794937218844942,
        "l2Grid": 1.194982965416842,
        "maxAbs": 2.38962057566194,
        "totalVariation": 5.280320870199723,
        "signedIntegralGrid": -0.5204122010037736
      }
    },
    {
      "sourceNode": 0.08,
      "component": "adjointEval",
      "coefficients": [
        31.733379108126336,
        16.49447924016042,
        3.6007039098280713,
        -7.09548706535751,
        -15.582702983305134,
        -21.820611840195852,
        -25.766518720969337,
        -27.377540697510454,
        -26.60946342988364,
        -23.429942059369527,
        -18.365871210207576
      ],
      "stats": {
        "l1Grid": 10.123421443051713,
        "l2Grid": 15.193439395404397,
        "maxAbs": 31.733379108126336,
        "totalVariation": 68.12258929293967,
        "signedIntegralGrid": -6.347424809126289
      }
    },
    {
      "sourceNode": 0.135,
      "component": "boundary",
      "coefficients": [
        2.403261352196798,
        1.2161900233042153,
        0.2132659764423818,
        -0.6175397338254665,
        -1.2754251387176112,
        -1.7572420230539918,
        -2.059649999946198,
        -2.179293650794059,
        -2.1127056425349338,
        -1.8572599709863096,
        -1.4540218610082514
      ],
      "stats": {
        "l1Grid": 0.7989037227259038,
        "l2Grid": 1.2009038468952258,
        "maxAbs": 2.403261352196798,
        "totalVariation": 5.307826792776665,
        "signedIntegralGrid": -0.5226396217621793
      }
    },
    {
      "sourceNode": 0.135,
      "component": "adjointEval",
      "coefficients": [
        31.350094694182502,
        16.295254418015503,
        3.5572136252554363,
        -7.009785835991893,
        -15.394490843644046,
        -21.55705653483212,
        -25.455303675332722,
        -27.046867288740646,
        -26.288067067985608,
        -23.14694882437982,
        -18.144043205084426
      ],
      "stats": {
        "l1Grid": 10.001147995850092,
        "l2Grid": 15.009928887600724,
        "maxAbs": 31.350094694182502,
        "totalVariation": 67.29978606657937,
        "signedIntegralGrid": -6.270758879862061
      }
    },
    {
      "sourceNode": 0.19,
      "component": "boundary",
      "coefficients": [
        2.413654406007748,
        1.2220360293740138,
        0.21524492745436866,
        -0.618784656813178,
        -1.2792462074720439,
        -1.7629795617736799,
        -2.0666317892990467,
        -2.186834877011184,
        -2.1201086104955778,
        -1.863818766472365,
        -1.4591874977947297
      ],
      "stats": {
        "l1Grid": 0.8017855848485015,
        "l2Grid": 1.2051942594679967,
        "maxAbs": 2.413654406007748,
        "totalVariation": 5.328136662235385,
        "signedIntegralGrid": -0.5241542280661147
      }
    },
    {
      "sourceNode": 0.19,
      "component": "adjointEval",
      "coefficients": [
        30.916118629945704,
        16.069680924632088,
        3.5079714910993207,
        -6.9127501077772955,
        -15.181386525700988,
        -21.258644468049667,
        -25.10292858330395,
        -26.672460348972113,
        -25.924164119881457,
        -22.82652804581806,
        -17.892877122930738
      ],
      "stats": {
        "l1Grid": 9.862703155812842,
        "l2Grid": 14.802148020376615,
        "maxAbs": 30.916118629945704,
        "totalVariation": 66.36816220495919,
        "signedIntegralGrid": -6.183953424088894
      }
    },
    {
      "sourceNode": 0.245,
      "component": "boundary",
      "coefficients": [
        2.4206505139839125,
        1.2261618989341179,
        0.21692047914082224,
        -0.6191593396064807,
        -1.2812676297326921,
        -1.7662367277568967,
        -2.0707058777604894,
        -2.1912992115216436,
        -2.1245285303496693,
        -1.8677550978541841,
        -1.4622999884792405
      ],
      "stats": {
        "l1Grid": 0.8035392773041501,
        "l2Grid": 1.2077892139293904,
        "maxAbs": 2.4206505139839125,
        "totalVariation": 5.340948948547959,
        "signedIntegralGrid": -0.5249314756221259
      }
    },
    {
      "sourceNode": 0.245,
      "component": "adjointEval",
      "coefficients": [
        30.43552990264036,
        15.819878949286728,
        3.453440339420472,
        -6.805291929852636,
        -14.945393019645213,
        -20.928180446630083,
        -24.712705455883242,
        -26.25783896888727,
        -25.521174948117803,
        -22.471691392690662,
        -17.61473370048925
      ],
      "stats": {
        "l1Grid": 9.709388180728894,
        "l2Grid": 14.572049748221337,
        "maxAbs": 30.43552990264036,
        "totalVariation": 65.33647413992566,
        "signedIntegralGrid": -6.087824335526018
      }
    },
    {
      "sourceNode": 0.3,
      "component": "boundary",
      "coefficients": [
        2.424139609819689,
        1.2285060385508362,
        0.21827224648482435,
        -0.6186498251675769,
        -1.2814480203404512,
        -1.7669517490895437,
        -2.0717972818995594,
        -2.192605769034293,
        -2.1258860621665083,
        -1.8689987065260962,
        -1.4633040186196968
      ],
      "stats": {
        "l1Grid": 0.8041339694576676,
        "l2Grid": 1.2086427739883752,
        "maxAbs": 2.424139609819689,
        "totalVariation": 5.3460471292685785,
        "signedIntegralGrid": -0.5249549200133895
      }
    },
    {
      "sourceNode": 0.3,
      "component": "adjointEval",
      "coefficients": [
        29.912682830503993,
        15.548111793707529,
        3.394114243372873,
        -6.688384914534069,
        -14.68864851717572,
        -20.568658601383262,
        -24.28816986430624,
        -25.806759777250793,
        -25.082750789189465,
        -22.08565382120087,
        -17.31213302387137
      ],
      "stats": {
        "l1Grid": 9.542592163088697,
        "l2Grid": 14.321718849753161,
        "maxAbs": 29.912682830503993,
        "totalVariation": 64.21406936113421,
        "signedIntegralGrid": -5.983242580593795
      }
    },
    {
      "sourceNode": 0.355,
      "component": "boundary",