{
  "s0": 0.2825,
  "jetOrder": 9,
  "maxTraceQ": 12,
  "lambda0": -0.00012862612661029079,
  "lambda1": 9.42101395763874e-06,
  "gap": 0.00013804714056792953,
  "e8": -0.17949627136147217,
  "lambdaDerivatives": [
    -0.00012862612661029079,
    0.0012586353561607226,
    -0.010569790654668558,
    0.08131470927283976,
    -0.48480406794895253,
    0.3262134539749114,
    33.05440359008409,
    -172.53886154243878,
    -11867.497399991053,
    225121.96880967333,
    3735520.511510404,
    -308912314.588315,
    3399472962.8393655
  ],
  "rows": [
    {
      "t": 0.08,
      "pStar": -107.41740043918624,
      "projectedSourceNorm": 107.92338444507867,
      "evalProjectionNorm": 107.41740043918624,
      "projectedRows": [
        [
          -10.432720524741622,
          0.3403507939139897,
          0.03864978066970546,
          -0.0017031848593495973,
          0.00020727018836353052,
          -8.930068432332228e-05,
          1.2449561198109168e-05,
          -4.894851292164622e-07
        ],
        [
          -107.41740043918624,
          -1.735198021116965e-81,
          1.2327176270059502e-81,
          -6.344871415578238e-82,
          1.2434261126016008e-82,
          -3.054255716815532e-83,
          5.421892672291196e-84,
          -4.1809036711391466e-85
        ]
      ]
    },
    {
      "t": 0.3,
      "pStar": -101.25434857934155,
      "projectedSourceNorm": 101.78230105594999,
      "evalProjectionNorm": 101.25434857934155,
      "projectedRows": [
        [
          -10.348327408755631,
          0.32306904810869835,
          0.0380196695478592,
          -0.0016436707252860446,
          0.0002090034011869629,
          -8.845188113151317e-05,
          1.22350624030794e-05,
          -4.800808400343369e-07
        ],
        [
          -101.25434857934155,
          -1.635641381806017e-81,
          1.1619906997788894e-81,
          -5.980835687489722e-82,
          1.1720847881558721e-82,
          -2.8790184061098228e-83,
          5.110812664943964e-84,
          -3.941025159455804e-85
        ]
      ]
    },
    {
      "t": 0.52,
      "pStar": -93.05497666991295,
      "projectedSourceNorm": 93.59523541987787,
      "evalProjectionNorm": 93.05497666991295,
      "projectedRows": [
        [
          -10.037344729408575,
          0.2996332640481514,
          0.03658532535373862,
          -0.0015550356006897045,
          0.00020673634208241514,
          -8.580148030290877e-05,
          1.1773865740126478e-05,
          -4.6103544695400156e-07
        ],
        [
          -93.05497666991295,
          -1.503190458087216e-81,
          1.0678950482196022e-81,
          -5.496519736432223e-82,
          1.0771717377801314e-82,
          -2.645881331238541e-83,
          4.696949414750251e-84,
          -3.6218889303439003e-85
        ]
      ]
    }
  ],
  "interpretation": "The closed trace condition alone is a nontrivial ODE constraint; local closed-trace jets can carry nonzero source rows.  The observability proof must use range inclusion/Volterra-Sturm structure, not bare ODE uniqueness."
}
