{
  "omega": 0.49,
  "L": 2.0,
  "s0": 0.2825,
  "point": 0.545,
  "orders": [
    7,
    8
  ],
  "basis": 22,
  "sourceMin": 0.08,
  "sourceMax": 0.52,
  "sourceGrid": 129,
  "quadratureJson": "source_quadrature_complex_ball_bernstein_rho2.json",
  "quadratureMethod": "Complex-interval cover of the Bernstein ellipse.  This replaces the sampled M_rho proxy by a true interval supremum over the explicit finite Green-source formula.",
  "sourceGramErrorBound": 218612.70759130555,
  "sourceGramErrorRelativeToTop": 1.2196724076079351e-06,
  "sourceGramNormFromFiniteGrid": 179238872854.43848,
  "sourceTop": 179238872854.43848,
  "activeEigenvalues": [
    13443068826.856556,
    179238872854.43848
  ],
  "complementTopEigenvalue": 6509.894863939744,
  "spectralGapToComplement": 13443062316.961693,
  "spectralGapToComplementFracOfTop": 0.07500081931378204,
  "activeTol": 1e-06,
  "activeFloor": 179238.8728544385,
  "activeDimByTol": 2,
  "projectorErrorAlpha": 6.504848447082551e-05,
  "projectorErrorAlphaAllowed": 0.0022465437997963907,
  "projectorGapConditionPasses": true,
  "finiteActiveResponseSingularValues": [
    1207601475487997.8,
    5.359980381265792e+17
  ],
  "finiteRankMargin": 1207601475487997.8,
  "responseOperatorNorm": 5.363298707952263e+17,
  "relativeRankMargin": 0.0022516021225844913,
  "continuumLowerBoundForUnitActiveVector": 1172635477570509.2,
  "rankTheoremPasses": true,
  "sourceNodesFirstLast": [
    0.08,
    0.52
  ],
  "lambda0AtS0": -0.00012862612661029079,
  "lambda1AtS0": 9.42101395763874e-06,
  "gapAtS0": 0.00013804714056792953,
  "lambdaDerivativesAtS0": [
    -0.00012862612661029079,
    0.0012586353561607226,
    -0.010569790654668558,
    0.08131470927283976,
    -0.48480406794895253,
    0.3262134539749114,
    33.05440359008409,
    -172.53886154243878,
    -11867.497399991053,
    225121.96880967333,
    3735520.511510404,
    -308912314.588315,
    3399472962.8393655,
    369400519027.39575,
    -16726614828278.037,
    -133545146978831.05,
    5.480905836994158e+16
  ],
  "theorem": "For S=E^*E, ||S-S_N||<=eps and eps<gap/4 imply ||P-P_N||<=4eps/gap for the active top-two Riesz projectors. Since sigma_min(LP_N)=m and ||L||=ell, every unit v in Range(P) satisfies ||Lv||>=m(1-alpha)-ell alpha.  The displayed positive lower bound proves rank(L on Range(P))=2, equivalently rank(LE^*|U_delta)=2 for the positive source eigenspace."
}
