{
  "theoremName": "augmented Mellin-boundary trace repair Schur certificate",
  "kind": "tilde3",
  "omega": 0.49,
  "L": 8.0,
  "basis": 10,
  "constraints": 7,
  "lambdaRows": 7,
  "muRows": 10,
  "augmentedRows": 17,
  "oldLambdaRepair": {
    "rank": 7,
    "nullity": 3,
    "rankTolerance": 1.396722084042964e-20,
    "kMin": 9.483221245849072e-06,
    "kMax": 0.2556688473207622,
    "aMin": 0.0007906862586560289,
    "aMax": 0.07084531764411783,
    "crossNorm": 0.0702150891916484,
    "rangeResidual": 0.0,
    "normalizedRangeResidual": 0.0,
    "schurDefectMin": -0.1167874246293619,
    "schurDefectMax": -1.2820057085825929e-05,
    "repairAlpha": 1e-18,
    "constructedSchurMin": 1.2820057085826928e-05,
    "constructedSchurMax": 0.1167874246293619,
    "dMin": 1e-18,
    "dMax": 1e-18,
    "pMin": 9.483221247842344e-06,
    "pMax": 0.2556688473207622,
    "lowK": [
      9.483221245849072e-06,
      6.638814143552337e-05,
      0.00019388301006517772,
      0.0006212566964314785,
      0.0016739651794576158,
      0.00448625801097873
    ],
    "lowA": [
      0.0007906862586560289,
      0.010252397685985088,
      0.07084531764411783
    ],
    "lowSchurDefect": [
      -0.1167874246293619,
      -0.026923243174602467,
      -0.005229405534998124,
      -0.0012958306335659738,
      -0.00033892351290991894,
      -8.484502223663406e-05
    ],
    "lowP": [
      9.483221247842344e-06,
      6.638814144587392e-05,
      0.00019388301006607626,
      0.0006212566964320239,
      0.0016739651794577942,
      0.004486258010978731
    ],
    "lowD": [
      1e-18,
      1e-18,
      1e-18,
      1e-18,
      1e-18,
      1e-18
    ],
    "positiveRepair": true
  },
  "augmentedRepair": {
    "rank": 10,
    "nullity": 0,
    "rankTolerance": 1.3967220963624097e-20,
    "kMin": 9.483221245849072e-06,
    "kMax": 0.2556688473207622,
    "aMin": 0.0,
    "aMax": 0.0,
    "crossNorm": 0.0,
    "rangeResidual": 0.0,
    "normalizedRangeResidual": 0.0,
    "schurDefectMin": -0.2556688473207622,
    "schurDefectMax": -9.483221245849072e-06,
    "repairAlpha": 1e-18,
    "constructedSchurMin": 9.483221245850071e-06,
    "constructedSchurMax": 0.2556688473207622,
    "dMin": -5.537301291337967e-69,
    "dMax": 1e-18,
    "pMin": 9.483221247842344e-06,
    "pMax": 0.2556688473207622,
    "lowK": [
      9.483221245849072e-06,
      6.638814143552337e-05,
      0.00019388301006517772,
      0.0006212566964314785,
      0.0016739651794576158,
      0.00448625801097873
    ],
    "lowA": [],
    "lowSchurDefect": [
      -0.2556688473207622,
      -0.08309057335931214,
      -0.03132526758373234,
      -0.011903387665439453,
      -0.00448625801097873,
      -0.0016739651794576158
    ],
    "lowP": [
      9.483221247842344e-06,
      6.638814144587392e-05,
      0.00019388301006607626,
      0.0006212566964320239,
      0.0016739651794577942,
      0.004486258010978731
    ],
    "lowD": [
      -5.537301291337967e-69,
      -4.799417788450125e-69,
      -2.523434628856561e-69,
      -2.276656287621082e-69,
      4.331777551885598e-70,
      2.4212090390505835e-69
    ],
    "positiveRepair": true
  },
  "oldMuActionOnLambdaNullspace": 0.5550751618084161,
  "augmentedMuActionOnAugmentedNullspace": 0.0,
  "augmentedRepairPositive": true,
  "augmentedMuAnnihilated": true,
  "diagnosis": "Finite Schur repair with R_aug=(Lambda,Mu).  If P=K+R_aug^*D R_aug is positive and D>=0 while Mu vanishes on ker R_aug, the augmented repair is finite-positive; the remaining task is the continuum closure/positivity proof.",
  "nextProofTarget": "Lift the finite augmented repair to the continuum: prove the Mu_z primitive rows are closed trace functionals, D_aug>=0 is bounded in the transported trace norm, and K+R_aug^*D_aug R_aug remains positive under Galerkin exhaustion."
}
