{
  "model": "endpoint_b",
  "kind": "tilde3",
  "omega": 0.49,
  "L": 2.0,
  "basis": 16,
  "denseConstraints": 33,
  "rows": [
    {
      "constraints": 8,
      "rank": 8,
      "nullity": 8,
      "cutoff": 7,
      "positiveModes": 8,
      "fillDistance": 0.0375,
      "sampleTraceOp": 8.392431333827627e-47,
      "denseTraceOp": 5864.180995082,
      "traceDerivativeOp": 357435.79398595047,
      "meshBound": 13403.842274473143,
      "denseOverBound": 0.4375,
      "jetConstants": [
        22262.55528087223,
        608839.5535509398,
        6130260.748526376,
        27051035.38070586,
        93965113.88074665,
        817942450.4815083,
        3812519610.54767,
        35509428375.92565,
        208290704580.78754,
        755369175898.6342,
        5365676410489.049
      ]
    },
    {
      "constraints": 10,
      "rank": 10,
      "nullity": 6,
      "cutoff": 6,
      "positiveModes": 6,
      "fillDistance": 0.029166666666666667,
      "sampleTraceOp": 8.863435091238492e-48,
      "denseTraceOp": 5.489195707823542,
      "traceDerivativeOp": 334.5795479054349,
      "meshBound": 9.758570147241851,
      "denseOverBound": 0.5625,
      "jetConstants": [
        1026.1942968981728,
        7493.0493328131815,
        62926.2496856265,
        464900.8163191008,
        1905992.419171252,
        13064777.43976347,
        59927023.77958575,
        492542419.26776,
        2313308800.6619153,
        8960298707.276144,
        39333051655.50081
      ]
    },
    {
      "constraints": 12,
      "rank": 12,
      "nullity": 4,
      "cutoff": 4,
      "positiveModes": 4,
      "fillDistance": 0.023863636363636365,
      "sampleTraceOp": 1.263367495375258e-47,
      "denseTraceOp": 0.0005575322958214758,
      "traceDerivativeOp": 0.033982920888166145,
      "meshBound": 0.0008109560666494194,
      "denseOverBound": 0.6875,
      "jetConstants": [
        147.50027790362697,
        655.1312486389717,
        1270.158159153622,
        3850.745471350742,
        10057.893511883774,
        33063.85536255541,
        124392.00368489875,
        432392.20938964095,
        2302431.9524340164,
        8740017.154623598,
        57564583.11347851
      ]
    }
  ]
}