{
  "omega": 0.49,
  "L": 2.0,
  "s0": 0.2825,
  "point": 0.545,
  "orders": [
    7,
    8
  ],
  "basis": 22,
  "sourceMin": 0.08,
  "sourceMax": 0.52,
  "sourceGrid": 65,
  "mesh": 0.006875,
  "envelopeGrid": 9,
  "trapezoidFactor": 1.7330729166666666e-06,
  "sourceGramNorm": 179238542886.8691,
  "sourceGramSecondDerivativeEnvelope": 482450328706.8876,
  "sourceGramFourthDerivativeEnvelope": 1839063235631.8975,
  "sourceGramErrorBound": 836121.5983188377,
  "sourceGramRelativeErrorBound": 4.6648538023798646e-06,
  "sourceGramTargetRelative": 5.03e-06,
  "sourceGramPassesTarget": true,
  "bbStarGramNorm": 2.9641238495153313e+46,
  "bOperatorNorm": 1.7216631056961553e+23,
  "bbStarSecondDerivativeEnvelope": 7.792681090477395e+46,
  "bbStarFourthDerivativeEnvelope": 2.936917885041682e+47,
  "bbStarErrorBound": 1.350528454612684e+41,
  "bbStarRelativeErrorBound": 4.556248399787718e-06,
  "crudeBRelativeErrorFromBBStar": 0.0021345370457754344,
  "bTargetRelative": 0.000268,
  "crudeBPassesTarget": false,
  "maxSourceOp": 678624.3390723421,
  "maxSourceDerivativeOp": 254458.19228053413,
  "maxSourceSecondDerivativeOp": 383767.32166060543,
  "lambda0AtS0": -0.00012862612661029079,
  "lambda1AtS0": 9.42101395763874e-06,
  "gapAtS0": 0.00013804714056792953,
  "lambdaDerivativesAtS0": [
    -0.00012862612661029079,
    0.0012586353561607226,
    -0.010569790654668558,
    0.08131470927283976,
    -0.48480406794895253,
    0.3262134539749114,
    33.05440359008409,
    -172.53886154243878,
    -11867.497399991053,
    225121.96880967333,
    3735520.511510404,
    -308912314.588315,
    3399472962.8393655,
    369400519027.39575,
    -16726614828278.037,
    -133545146978831.05,
    5.480905836994158e+16
  ],
  "envelopeRows": [
    {
      "u": 0.08,
      "d2SOp": 482450328706.8876,
      "d2BBStarOp": 7.792681090477395e+46,
      "d4SOp": 1839063235631.8975,
      "d4BBStarOp": 2.936917885041682e+47,
      "sourceOp": 678624.3390723421,
      "sourceDerivativeOp": 138225.5417919855,
      "sourceSecondDerivativeOp": 383767.32166060543
    },
    {
      "u": 0.135,
      "d2SOp": 428945618206.8861,
      "d2BBStarOp": 6.962393871398224e+46,
      "d4SOp": 1275818852215.3794,
      "d4BBStarOp": 2.0632428155591208e+47,
      "sourceOp": 670460.8917655892,
      "sourceDerivativeOp": 158624.4268707755,
      "sourceSecondDerivativeOp": 357558.6130348549
    },
    {
      "u": 0.19,
      "d2SOp": 371581291238.70184,
      "d2BBStarOp": 6.069670009277112e+46,
      "d4SOp": 718978952514.9852,
      "d4BBStarOp": 1.1986941448368713e+47,
      "sourceOp": 661217.1879588992,
      "sourceDerivativeOp": 177507.7724041154,
      "sourceSecondDerivativeOp": 328761.6435450123
    },
    {
      "u": 0.245,
      "d2SOp": 312036886877.8473,
      "d2BBStarOp": 5.140575111155677e+46,
      "d4SOp": 191091463765.76093,
      "d4BBStarOp": 3.7769881922784476e+46,
      "sourceOp": 650980.173028635,
      "sourceDerivativeOp": 194751.23927638523,
      "sourceSecondDerivativeOp": 298035.0271227761
    },
    {
      "u": 0.3,
      "d2SOp": 251906635388.2061,
      "d2BBStarOp": 4.199872289182441e+46,
      "d4SOp": 290382444846.47186,
      "d4BBStarOp": 3.712314572959292e+46,
      "sourceOp": 639842.6216542083,
      "sourceDerivativeOp": 210266.5271462722,
      "sourceSecondDerivativeOp": 266027.21222318755
    },
    {
      "u": 0.355,
      "d2SOp": 192644517481.59128,
      "d2BBStarOp": 3.2701622430826564e+46,
      "d4SOp": 710083276736.8546,
      "d4BBStarOp": 1.0265219011331143e+47,
      "sourceOp": 627901.1818993053,
      "sourceDerivativeOp": 224000.3078868478,
      "sourceSecondDerivativeOp": 233359.42883952238
    },
    {
      "u": 0.41,
      "d2SOp": 135524876662.03203,
      "d2BBStarOp": 2.3712316642907893e+46,
      "d4SOp": 1059465177418.5725,
      "d4BBStarOp": 1.5739372683748873e+47,
      "sourceOp": 615254.5023810221,
      "sourceDerivativeOp": 235932.28496446385,
      "sourceSecondDerivativeOp": 200611.17874620718
    },
    {
      "u": 0.465,
      "d2SOp": 81629043721.21237,
      "d2BBStarOp": 1.51962216799198e+46,
      "d4SOp": 1333944548292.5828,
      "d4BBStarOp": 2.006406056001273e+47,
      "sourceOp": 602001.487086135,
      "sourceDerivativeOp": 246072.52058714547,
      "sourceSecondDerivativeOp": 168308.8595413293
    },
    {
      "u": 0.52,
      "d2SOp": 32030692914.44558,
      "d2BBStarOp": 7.284148810394279e+45,
      "d4SOp": 1533234882879.1565,
      "d4BBStarOp": 2.3233771029592904e+47,
      "sourceOp": 588239.7138451809,
      "sourceDerivativeOp": 254458.19228053413,
      "sourceSecondDerivativeOp": 136918.28114516323
    }
  ],
  "interpretation": "Composite trapezoid error for S=int E^*E and BB*=L S L^*. The bound is deterministic once the sampled derivative envelope is replaced by an analytic supremum bound.  S is the finite Gram representative of T=EE^* on the nonzero source range."
}
