{
  "omega": 0.49,
  "L": 2.0,
  "s0": 0.2825,
  "point": 0.348125,
  "orders": [
    6,
    8
  ],
  "bases": [
    18,
    20,
    22,
    24
  ],
  "activeTol": 1e-06,
  "lambda0AtS0": -0.00012862612661029079,
  "lambda1AtS0": 9.42101395763874e-06,
  "gapAtS0": 0.00013804714056792953,
  "lambdaDerivativesAtS0": [
    -0.00012862612661029079,
    0.0012586353561607226,
    -0.010569790654668558,
    0.08131470927283976,
    -0.48480406794895253,
    0.3262134539749114,
    33.05440359008409,
    -172.53886154243878,
    -11867.497399991053,
    225121.96880967333,
    3735520.511510404,
    -308912314.588315,
    3399472962.8393655,
    369400519027.39575,
    -16726614828278.037,
    -133545146978831.05,
    5.480905836994158e+16
  ],
  "minNormalizedSingularValue": 4.786490726000361e-06,
  "minAllowedAlphaRaw": 1.3937803147912362e-06,
  "maxConsecutivePolarAlphaEstimate": 1.4141421620243226,
  "rows": [
    {
      "basis": 18,
      "activeDim": 2,
      "activeTol": 1e-06,
      "activeFloor": 18285.13540177335,
      "activeSourceEigenvalues": [
        226461.95322692656,
        18285135401.77335
      ],
      "rawSingularValuesSquared": [
        132681831879.20161,
        6.810114525330537e+22
      ],
      "normalizedSingularValuesSquared": [
        6.793485998166146e-11,
        1.9999999999320652
      ],
      "rawMinSingularValue": 364255.1741282498,
      "normalizedMinSingularValue": 8.2422606111225e-06,
      "columnNorms": [
        31479466826.162148,
        259056342176.32776
      ],
      "rowNormsOnHighBlock": [
        111381321.52820714,
        261343295770.3102
      ],
      "COnHighBlock": 261343319504.98874,
      "allowedAlphaRaw": 1.3937803147912362e-06
    },
    {
      "basis": 20,
      "activeDim": 2,
      "activeTol": 1e-06,
      "activeFloor": 350955.40150085674,
      "activeSourceEigenvalues": [
        8128880.388973607,
        350955401500.85675
      ],
      "rawSingularValuesSquared": [
        3605519468377.5615,
        9.517674025641928e+23
      ],
      "normalizedSingularValuesSquared": [
        2.291049347008746e-11,
        1.9999999999770894
      ],
      "rawMinSingularValue": 1898820.546649304,
      "normalizedMinSingularValue": 4.786490726000361e-06,
      "columnNorms": [
        294209588484.54474,
        930165641491.6395
      ],
      "rowNormsOnHighBlock": [
        148783795.3146719,
        977281712860.6484
      ],
      "COnHighBlock": 977281724186.2556,
      "allowedAlphaRaw": 1.9429612768317936e-06
    },
    {
      "basis": 22,
      "activeDim": 2,
      "activeTol": 1e-06,
      "activeFloor": 3661655.9399730274,
      "activeSourceEigenvalues": [
        274587561456.9068,
        3661655939973.0273
      ],
      "rawSingularValuesSquared": [
        1.4716908837026486e+24,
        2.9222732946532668e+26
      ],
      "normalizedSingularValuesSquared": [
        0.010202724166805479,
        1.9897972758331945
      ],
      "rawMinSingularValue": 1213132673578.0586,
      "normalizedMinSingularValue": 0.10100853511860014,
      "columnNorms": [
        12897963232748.207,
        11284571981059.127
      ],
      "rowNormsOnHighBlock": [
        10566460319939.174,
        13530967625822.291
      ],
      "COnHighBlock": 17167911013978.959,
      "allowedAlphaRaw": 0.07066280065118385
    },
    {
      "basis": 24,
      "activeDim": 2,
      "activeTol": 1e-06,
      "activeFloor": 9315123458837.074,
      "activeSourceEigenvalues": [
        2.029688362787111e+16,
        9.315123458837074e+18
      ],
      "rawSingularValuesSquared": [
        1.1682574737191796e+30,
        1.1601382841139228e+39
      ],
      "normalizedSingularValuesSquared": [
        6.382310732252073e-07,
        1.9999993617689267
      ],
      "rawMinSingularValue": 1080859599448133.5,
      "normalizedMinSingularValue": 0.0007988936557672788,
      "columnNorms": [
        9.570549924631315e+17,
        3.40473542441051e+19
      ],
      "rowNormsOnHighBlock": [
        7284152377453337.0,
        3.4061788104984908e+19
      ],
      "COnHighBlock": 3.406178888384706e+19,
      "allowedAlphaRaw": 3.173232043489952e-05
    }
  ],
  "drifts": [
    {
      "leftDim": 2,
      "rightDim": 2,
      "leftGramEigenvalues": [
        1.0,
        1.0
      ],
      "rightGramEigenvalues": [
        1.0,
        1.0
      ],
      "singularValues": [
        0.036937999051416044,
        0.9999967182687718
      ],
      "minCosine": 0.036937999051416044,
      "maxCosine": 0.9999967182687718,
      "projectionGapEstimate": 0.9993175592503504,
      "polarAlphaEstimate": 1.3878486956066818,
      "leftBasis": 18,
      "rightBasis": 20
    },
    {
      "leftDim": 2,
      "rightDim": 2,
      "leftGramEigenvalues": [
        1.0,
        1.0
      ],
      "rightGramEigenvalues": [
        1.0,
        1.0
      ],
      "singularValues": [
        0.0034988740198843515,
        0.4102335165567064
      ],
      "minCosine": 0.0034988740198843515,
      "maxCosine": 0.4102335165567064,
      "projectionGapEstimate": 0.9999938789215627,
      "polarAlphaEstimate": 1.4117373169114116,
      "leftBasis": 20,
      "rightBasis": 22
    },
    {
      "leftDim": 2,
      "rightDim": 2,
      "leftGramEigenvalues": [
        1.0,
        1.0
      ],
      "rightGramEigenvalues": [
        1.0,
        1.0
      ],
      "singularValues": [
        0.000100972792587257,
        0.012444579091492606
      ],
      "minCosine": 0.000100972792587257,
      "maxCosine": 0.012444579091492606,
      "projectionGapEstimate": 0.9999999949022476,
      "polarAlphaEstimate": 1.4141421620243226,
      "leftBasis": 22,
      "rightBasis": 24
    }
  ],
  "interpretation": "The normalized singular margin is not the same quantity as the raw perturbation bound C alpha.  The raw finite theorem would need alpha below allowedAlphaRaw, or a reformulated normalized perturbation estimate with explicit column-scale control."
}
