{
  "omega": 0.49,
  "L": 2.0,
  "s0": 0.2825,
  "point": 0.545,
  "orders": [
    7,
    8
  ],
  "bases": [
    18,
    20,
    22,
    24
  ],
  "activeTol": 1e-06,
  "lambda0AtS0": -0.00012862612661029079,
  "lambda1AtS0": 9.42101395763874e-06,
  "gapAtS0": 0.00013804714056792953,
  "lambdaDerivativesAtS0": [
    -0.00012862612661029079,
    0.0012586353561607226,
    -0.010569790654668558,
    0.08131470927283976,
    -0.48480406794895253,
    0.3262134539749114,
    33.05440359008409,
    -172.53886154243878,
    -11867.497399991053,
    225121.96880967333,
    3735520.511510404,
    -308912314.588315,
    3399472962.8393655,
    369400519027.39575,
    -16726614828278.037,
    -133545146978831.05,
    5.480905836994158e+16
  ],
  "minNormalizedSingularValue": 0.002852926559754717,
  "minAllowedAlphaRaw": 0.000642895430443677,
  "maxConsecutivePolarAlphaEstimate": 1.4141421620243226,
  "rows": [
    {
      "basis": 18,
      "activeDim": 2,
      "activeTol": 1e-06,
      "activeFloor": 18285.13540177335,
      "activeSourceEigenvalues": [
        226461.95322692656,
        18285135401.77335
      ],
      "rawSingularValuesSquared": [
        3.212058746283078e+25,
        1.845945240848474e+26
      ],
      "normalizedSingularValuesSquared": [
        0.3054530125171312,
        1.6945469874828687
      ],
      "rawMinSingularValue": 5667502753667.684,
      "normalizedMinSingularValue": 0.5526780369411572,
      "columnNorms": [
        11192523319026.836,
        9562558930574.95
      ],
      "rowNormsOnHighBlock": [
        6574642352502.055,
        13364552149351.576
      ],
      "COnHighBlock": 14894199415076.045,
      "allowedAlphaRaw": 0.38051744815038435
    },
    {
      "basis": 20,
      "activeDim": 2,
      "activeTol": 1e-06,
      "activeFloor": 350955.40150085674,
      "activeSourceEigenvalues": [
        8128880.388973607,
        350955401500.85675
      ],
      "rawSingularValuesSquared": [
        1.9978308859632856e+25,
        1.4881305089794812e+31
      ],
      "normalizedSingularValuesSquared": [
        8.139189955353884e-06,
        1.9999918608100447
      ],
      "rawMinSingularValue": 4469710153872.716,
      "normalizedMinSingularValue": 0.002852926559754717,
      "columnNorms": [
        1161770543152744.8,
        3678534256081659.5
      ],
      "rowNormsOnHighBlock": [
        14309416351255.816,
        3864762261183393.5
      ],
      "COnHighBlock": 3864788751647843.0,
      "allowedAlphaRaw": 0.0011565212075218731
    },
    {
      "basis": 22,
      "activeDim": 2,
      "activeTol": 1e-06,
      "activeFloor": 3661655.9399730274,
      "activeSourceEigenvalues": [
        274587561456.9068,
        3661655939973.0273
      ],
      "rawSingularValuesSquared": [
        1.4583098483729906e+30,
        2.8729379759786136e+35
      ],
      "normalizedSingularValuesSquared": [
        1.0221435934247299e-05,
        1.9999897785640657
      ],
      "rawMinSingularValue": 1207605005112595.0,
      "normalizedMinSingularValue": 0.0031970980488948567,
      "columnNorms": [
        3.6305317285807885e+17,
        3.9431922294682976e+17
      ],
      "rowNormsOnHighBlock": [
        4.709550435939065e+16,
        5.342599784423695e+17
      ],
      "COnHighBlock": 5.363317174064074e+17,
      "allowedAlphaRaw": 0.002251600951277561
    },
    {
      "basis": 24,
      "activeDim": 2,
      "activeTol": 1e-06,
      "activeFloor": 9315123458837.074,
      "activeSourceEigenvalues": [
        2.029688362787111e+16,
        9.315123458837074e+18
      ],
      "rawSingularValuesSquared": [
        1.3123220738241797e+37,
        3.1751156999340553e+43
      ],
      "normalizedSingularValuesSquared": [
        0.004162482050218927,
        1.9958375179497811
      ],
      "rawMinSingularValue": 3.6225986167724677e+18,
      "normalizedMinSingularValue": 0.06451730039469201,
      "columnNorms": [
        3.974588332592988e+19,
        5.634677487427291e+21
      ],
      "rowNormsOnHighBlock": [
        1.975133778653705e+20,
        5.631355088767207e+21
      ],
      "COnHighBlock": 5.634817802752819e+21,
      "allowedAlphaRaw": 0.000642895430443677
    }
  ],
  "drifts": [
    {
      "leftDim": 2,
      "rightDim": 2,
      "leftGramEigenvalues": [
        1.0,
        1.0
      ],
      "rightGramEigenvalues": [
        1.0,
        1.0
      ],
      "singularValues": [
        0.036937999051416044,
        0.9999967182687718
      ],
      "minCosine": 0.036937999051416044,
      "maxCosine": 0.9999967182687718,
      "projectionGapEstimate": 0.9993175592503504,
      "polarAlphaEstimate": 1.3878486956066818,
      "leftBasis": 18,
      "rightBasis": 20
    },
    {
      "leftDim": 2,
      "rightDim": 2,
      "leftGramEigenvalues": [
        1.0,
        1.0
      ],
      "rightGramEigenvalues": [
        1.0,
        1.0
      ],
      "singularValues": [
        0.0034988740198843515,
        0.4102335165567064
      ],
      "minCosine": 0.0034988740198843515,
      "maxCosine": 0.4102335165567064,
      "projectionGapEstimate": 0.9999938789215627,
      "polarAlphaEstimate": 1.4117373169114116,
      "leftBasis": 20,
      "rightBasis": 22
    },
    {
      "leftDim": 2,
      "rightDim": 2,
      "leftGramEigenvalues": [
        1.0,
        1.0
      ],
      "rightGramEigenvalues": [
        1.0,
        1.0
      ],
      "singularValues": [
        0.000100972792587257,
        0.012444579091492606
      ],
      "minCosine": 0.000100972792587257,
      "maxCosine": 0.012444579091492606,
      "projectionGapEstimate": 0.9999999949022476,
      "polarAlphaEstimate": 1.4141421620243226,
      "leftBasis": 22,
      "rightBasis": 24
    }
  ],
  "interpretation": "The normalized singular margin is not the same quantity as the raw perturbation bound C alpha.  The raw finite theorem would need alpha below allowedAlphaRaw, or a reformulated normalized perturbation estimate with explicit column-scale control."
}
