{
  "omega": 0.49,
  "L": 2.0,
  "s0": 0.2825,
  "point": 0.545,
  "orders": [
    7,
    8
  ],
  "basis": 22,
  "activeTol": 1e-06,
  "sourceMin": 0.08,
  "sourceMax": 0.52,
  "sourceGrids": [
    65
  ],
  "lambda0AtS0": -0.00012862612661029079,
  "lambda1AtS0": 9.42101395763874e-06,
  "gapAtS0": 0.00013804714056792953,
  "lambdaDerivativesAtS0": [
    -0.00012862612661029079,
    0.0012586353561607226,
    -0.010569790654668558,
    0.08131470927283976,
    -0.48480406794895253,
    0.3262134539749114,
    33.05440359008409,
    -172.53886154243878,
    -11867.497399991053,
    225121.96880967333,
    3735520.511510404,
    -308912314.588315,
    3399472962.8393655,
    369400519027.39575,
    -16726614828278.037,
    -133545146978831.05,
    5.480905836994158e+16
  ],
  "rows": [
    {
      "basis": 22,
      "sourceGrid": 65,
      "sourceSideDim": 130,
      "sourceTop": 179238542886.8691,
      "activeFloor": 179238.5428868691,
      "activeDim": 2,
      "sourceEigenvaluesTopDown": [
        179238542886.8691,
        13443041419.286734,
        6512.113913711916,
        0.01508480296562062,
        1.5482813192566744e-08,
        6.152493618515063e-14
      ],
      "activeSourceEigenvalues": [
        13443041419.286734,
        179238542886.8691
      ],
      "activeSourceEigenvaluesFracOfTop": [
        0.07500084079444702,
        1.0
      ],
      "nextBelowActiveEigenvalue": 6512.113913711916,
      "spectralGapToComplement": 13443034907.17282,
      "spectralGapToComplementFracOfTop": 0.07500080446234005,
      "rawCompressedSingularValues": [
        1.8454536184141847e+20,
        1.7216631056289357e+23
      ],
      "rawRankMargin": 1.8454536184141847e+20,
      "responseOperatorNorm": 1.7216631056961553e+23,
      "relativeRankMargin": 0.0010719017049900565,
      "responseColumnNorms": [
        4.2093903823721405e+22,
        1.6694123460280444e+23
      ],
      "normalizedResponseSingularValues": [
        0.003197088026178578,
        1.4142099485678048
      ],
      "normalizedRankMargin": 0.003197088026178578,
      "relativeBErrorMax": 0.0002679754262475141,
      "topNormalizedTErrorMax": 5.024593136175508e-06
    }
  ],
  "interpretation": "Weighted source rows approximate the continuum source Hilbert space.  Stability of active_dim=2, eta, and the perturbative allowances supports the source-side rank theorem in L2 source variables."
}
