{
  "omega": 0.49,
  "L": 2.0,
  "s0": 0.2825,
  "basis": 22,
  "sourceMin": 0.08,
  "sourceMax": 0.52,
  "sourceCenter": 0.3,
  "sourceRadius": 0.22,
  "sourceGrid": 129,
  "chebDegree": 32,
  "rho": 2.0,
  "ellipseSamples": 96,
  "mappedFormulaPoleAtU0": -1.3636363636363635,
  "rhoToFormulaPoleU0": 2.2907308206532337,
  "trapezoidFactor": 4.3326822916666665e-07,
  "sourceGramNorm": 179238542900.0,
  "finiteEnvelopeSource": "source_quadrature_chebyshev_ball_d32_g129.json",
  "finiteEnvelopeKey": "finiteCoefficientEnvelope",
  "finiteCoefficientEnvelope": 490928918511.87067,
  "sampledBernsteinMrho": 531292102718.15674,
  "sampledBernsteinRowMrho": 640605618208.3951,
  "sampledBernsteinFrobeniusMrho": 531292102718.15674,
  "bernsteinTailFactor": 4.656612873077393e-10,
  "bernsteinTailEnvelope": 247.4021644881725,
  "bernsteinTotalEnvelope": 490928918759.2728,
  "sourceGramErrorBound": 212703.9032775365,
  "sourceGramRelativeErrorBound": 1.186708504968194e-06,
  "sourceGramTargetRelative": 5.03e-06,
  "sourceGramPassesTarget": true,
  "lambda0AtS0": -0.00012862612661029079,
  "lambda1AtS0": 9.42101395763874e-06,
  "gapAtS0": 0.00013804714056792953,
  "lambdaDerivativesAtS0": [
    -0.00012862612661029079,
    0.0012586353561607226,
    -0.010569790654668558,
    0.08131470927283976,
    -0.48480406794895253,
    0.3262134539749114,
    33.05440359008409,
    -172.53886154243878,
    -11867.497399991053,
    225121.96880967333,
    3735520.511510404,
    -308912314.588315,
    3399472962.8393655,
    369400519027.39575,
    -16726614828278.037,
    -133545146978831.05,
    5.480905836994158e+16
  ],
  "interpretation": "Bernstein-ellipse tail replacement for the Chebyshev source certificate.  The displayed theorem is rigorous with any true M_rho bound; this run uses sampled ellipse data as the numerical M_rho proxy to show the margin size."
}
