{
  "omega": 0.49,
  "L": 2.0,
  "s0": 0.2825,
  "basis": 22,
  "sourceMin": 0.08,
  "sourceMax": 0.52,
  "sourceGrid": 129,
  "sourceGramNormProvided": 179238542900.0,
  "chebDegree": 32,
  "tailWindow": 8,
  "trapezoidFactor": 4.3326822916666665e-07,
  "sourceGramNorm": 179238542900.0,
  "sampledOperatorEnvelope": 482450328706.8876,
  "chebyshevEnvelope": 490928918511.87067,
  "rowSumEnvelope": 591867048190.2588,
  "frobeniusEnvelope": 490928918511.87067,
  "maxTailEstimate": 3.032409442397614e-28,
  "maxTailRatio": 0.16148284783422248,
  "worstTailEntry": [
    0,
    1
  ],
  "sourceGramErrorBound": 212703.903170345,
  "sourceGramRelativeErrorBound": 1.1867085043701559e-06,
  "sourceGramTargetRelative": 5.03e-06,
  "sourceGramPassesTarget": true,
  "lambda0AtS0": -0.00012862612661029079,
  "lambda1AtS0": 9.42101395763874e-06,
  "gapAtS0": 0.00013804714056792953,
  "lambdaDerivativesAtS0": [
    -0.00012862612661029079,
    0.0012586353561607226,
    -0.010569790654668558,
    0.08131470927283976,
    -0.48480406794895253,
    0.3262134539749114,
    33.05440359008409,
    -172.53886154243878,
    -11867.497399991053,
    225121.96880967333,
    3735520.511510404,
    -308912314.588315,
    3399472962.8393655,
    369400519027.39575,
    -16726614828278.037,
    -133545146978831.05,
    5.480905836994158e+16
  ],
  "interpretation": "Chebyshev coefficient envelope for d_u^2(E^*E).  The pass is conditional on the displayed geometric tail estimate; making it fully rigorous requires ball arithmetic or a Bernstein ellipse bound for the same coefficients."
}
