{
  "omega": 0.49,
  "L": 2.0,
  "s0": 0.2825,
  "basis": 22,
  "sourceMin": 0.08,
  "sourceMax": 0.52,
  "sourceGrid": 129,
  "sourceGramNormProvided": 179238542900.0,
  "chebDegree": 32,
  "tailWindow": 8,
  "mpDps": 70,
  "ivDps": 60,
  "sampleRelativeRadius": 1e-55,
  "sampleAbsoluteRadius": 1e-60,
  "maxSampleBallRadius": 2.5758986504088707e-44,
  "trapezoidFactor": 4.3326822916666665e-07,
  "sourceGramNorm": 179238542900.0,
  "sampledOperatorEnvelope": 482450328706.8876,
  "ballChebyshevEnvelope": 490928918511.87067,
  "finiteCoefficientEnvelope": 490928918511.87067,
  "tailEnvelope": 6.332332442827155e-28,
  "rowSumEnvelope": 591867048190.2588,
  "finiteRowSumEnvelope": 591867048190.2588,
  "tailRowSumEnvelope": 7.635064831679288e-28,
  "frobeniusEnvelope": 490928918511.87067,
  "finiteFrobeniusEnvelope": 490928918511.87067,
  "tailFrobeniusEnvelope": 6.332332442827155e-28,
  "maxTailEstimateUpper": 3.032409442397614e-28,
  "maxTailRatioUpper": 0.16148284783422248,
  "worstTailEntry": [
    0,
    1
  ],
  "coefficientMaxWidth": 3.5787613858251035e-44,
  "tailFailedEntries": [],
  "sourceGramErrorBound": 212703.903170345,
  "sourceGramRelativeErrorBound": 1.1867085043701559e-06,
  "sourceGramTargetRelative": 5.03e-06,
  "sourceGramPassesTarget": true,
  "lambda0AtS0": -0.00012862612661029079,
  "lambda1AtS0": 9.42101395763874e-06,
  "gapAtS0": 0.00013804714056792953,
  "lambdaDerivativesAtS0": [
    -0.00012862612661029079,
    0.0012586353561607226,
    -0.010569790654668558,
    0.08131470927283976,
    -0.48480406794895253,
    0.3262134539749114,
    33.05440359008409,
    -172.53886154243878,
    -11867.497399991053,
    225121.96880967333,
    3735520.511510404,
    -308912314.588315,
    3399472962.8393655,
    369400519027.39575,
    -16726614828278.037,
    -133545146978831.05,
    5.480905836994158e+16
  ],
  "interpretation": "Ball propagation for the Chebyshev coefficient and final-window tail arithmetic.  The finite Green-source samples are enclosed in the displayed sample balls; the Bernstein-ellipse lemma gives the analytic justification for geometric Chebyshev decay."
}
