{
  "omega": 0.49,
  "L": 2.0,
  "basis": 22,
  "sourceGrid": 65,
  "fullNmax": 8,
  "tailStart": 9,
  "sourceOrder": 10,
  "sourceRmax": 8.0,
  "vMin": 0.08,
  "ivDps": 35,
  "tailDerivativeBounds": [
    5.955901852758263e-115,
    1.6611461140924646e-112,
    4.6330625848467166e-110,
    1.2921964066278624e-107,
    3.604034345415448e-105,
    1.0051927389340967e-102,
    2.8035596070846274e-100,
    7.819343196915095e-98,
    2.1808750567726456e-95
  ],
  "tailGeometricRatios": [
    1.259996173919686e-28,
    1.5521172100130394e-28,
    1.9119643423937365e-28,
    2.355239350391451e-28,
    2.9012843480631634e-28,
    3.5739257666118164e-28,
    4.402514007199731e-28,
    5.423204128694707e-28,
    6.680533452265543e-28
  ],
  "maxPropagatedHDerivativeBounds": [
    5.165448317932822e-36,
    2.730853448060808e-36,
    1.0413189558552922e-35,
    5.386241363571503e-35,
    5.315647657561332e-34,
    6.705933345015749e-33,
    1.01238497425869e-31,
    1.790677398351714e-30,
    3.6197289940350955e-29
  ],
  "minDenominatorAbsLower": 0.46191602352495165,
  "sourceNodesFirstLast": [
    0.08,
    0.52
  ],
  "sourceWeightsFirstLast": [
    0.0034375,
    0.0034375
  ],
  "rowNormBounds": [
    2.565228230043066e-29,
    1.7925571038435735e-29,
    3.46018727784307e-29,
    2.4292727937905324e-29,
    3.5040533529833927e-29,
    2.454219246229736e-29,
    3.613196928502632e-29,
    2.484222049345448e-29,
    3.54354282099311e-29,
    2.4681369581851806e-29,
    3.607550853958222e-29,
    2.4600429064894174e-29,
    3.793905454554503e-29,
    2.5199486111151046e-29,
    3.5683045600384975e-29,
    2.433599072080512e-29,
    3.680221720652352e-29,
    2.4713781415310327e-29,
    3.5407996205086986e-29,
    2.4433384524103777e-29,
    3.6417085678536946e-29,
    2.4467721960475058e-29,
    3.5730647419977093e-29,
    2.4340323568208762e-29,
    3.563402264283022e-29,
    2.4051718296695517e-29,
    3.7426837699335256e-29,
    2.44632784405718e-29,
    3.672870569236432e-29,
    2.4317774315795167e-29,
    3.6739986192927563e-29,
    2.4262061327275046e-29,
    3.618276838444136e-29,
    2.3639232671512265e-29,
    3.6090005500350615e-29,
    2.3354891806297588e-29,
    3.549564162461804e-29,
    2.346123219054945e-29,
    3.6433019477233886e-29,
    2.332853562027747e-29,
    3.6171936342055313e-29,
    2.3466327243451603e-29,
    3.726485340025767e-29,
    2.3774216403440457e-29,
    3.6506696839552394e-29,
    2.3471986681492902e-29,
    3.648850619507512e-29,
    2.3367902277914053e-29,
    3.688902825147746e-29,
    2.3553010163335893e-29,
    3.8265992684290996e-29,
    2.37181238057792e-29,
    3.5758856928350414e-29,
    2.3059613933949554e-29,
    3.648390524255192e-29,
    2.324273864315089e-29,
    3.5715171980271624e-29,
    2.2888385371046044e-29,
    3.5655881303671656e-29,
    2.2715281576235973e-29,
    3.6467439969248995e-29,
    2.3137222070549266e-29,
    3.564608582992149e-29,
    2.2630343738273562e-29,
    3.7474717708467607e-29,
    2.315228546176778e-29,
    3.594891042640757e-29,
    2.2490809490458705e-29,
    3.593273508563193e-29,
    2.2433862965390983e-29,
    3.5252794898744046e-29,
    2.2318999040476376e-29,
    3.6359563179240874e-29,
    2.2648977495049925e-29,
    3.5900245470743826e-29,
    2.2280500365053483e-29,
    3.6968668190809075e-29,
    2.2479387360837425e-29,
    3.5543828491285777e-29,
    2.2140232760304237e-29,
    3.7299291013694134e-29,
    2.244638546683378e-29,
    3.696593594374787e-29,
    2.2374740324610607e-29,
    3.9065296053237876e-29,
    2.2789786858541774e-29,
    3.729344836873251e-29,
    2.2349535611428736e-29,
    3.7671110890360726e-29,
    2.2481619527414578e-29,
    3.906735823206107e-29,
    2.2694227046539772e-29,
    3.694270613140148e-29,
    2.2234470100930033e-29,
    3.6864011146084235e-29,
    2.19803446401223e-29,
    3.7686372455819906e-29,
    2.2412235284394183e-29,
    3.792781066858692e-29,
    2.2184094834241758e-29,
    3.757345696224385e-29,
    2.204286902952584e-29,
    3.7177285804530876e-29,
    2.1842904367238652e-29,
    3.71943532122879e-29,
    2.1867532253526853e-29,
    3.7164527827683145e-29,
    2.1771605878289053e-29,
    3.788116865920761e-29,
    2.191883965630776e-29,
    3.678831883184563e-29,
    2.1588950497380814e-29,
    3.822586811864574e-29,
    2.192870858718895e-29,
    3.8285774451002e-29,
    2.2066248696886736e-29,
    3.79812971149311e-29,
    2.2072294004845123e-29,
    3.75769673749707e-29,
    2.1868570974391182e-29,
    3.7786067482723995e-29,
    2.1529460748957498e-29,
    3.780982858648827e-29,
    2.1580266039585506e-29,
    3.676064790277178e-29,
    2.1329180121193665e-29,
    3.78747263778197e-29,
    2.1684560462157977e-29,
    2.625182873875685e-29,
    1.5131028974622042e-29
  ],
  "deltaEOperatorBound": 3.4709526828677123e-28,
  "finiteE8OperatorNorm": 374321.39881652826,
  "finiteS8OperatorNorm": 140116509611.96243,
  "deltaSOperatorBound": 2.5985037269540472e-22,
  "deltaSRelativeToS8": 1.8545307288558096e-33,
  "activeEigenvaluesS8": [
    11488992074.192368,
    140116509611.96243
  ],
  "complementTopEigenvalueS8": 11385.319915658862,
  "spectralGapToComplementS8": 11488980688.872452,
  "tailProjectorAlpha": 9.046942622058038e-32,
  "tailGapConditionPasses": true,
  "finiteActiveResponseSingularValuesS8": [
    1206605112115880.5,
    5.3602354392976403e+17
  ],
  "finiteRankMarginS8": 1206605112115880.5,
  "responseOperatorNorm": 5.363298707952263e+17,
  "lowerBoundAfterOmittedTail": 1206605112115880.5,
  "rankPersistsForFullPhi": true,
  "lambda0AtS0": -0.00012862612661029079,
  "lambda1AtS0": 9.42101395763874e-06,
  "gapAtS0": 0.00013804714056792953,
  "lambdaDerivativesAtS0": [
    -0.00012862612661029079,
    0.0012586353561607226,
    -0.010569790654668558,
    0.08131470927283976,
    -0.48480406794895253,
    0.3262134539749114,
    33.05440359008409,
    -172.53886154243878,
    -11867.497399991053,
    225121.96880967333,
    3735520.511510404,
    -308912314.588315,
    3399472962.8393655,
    369400519027.39575,
    -16726614828278.037,
    -133545146978831.05,
    5.480905836994158e+16
  ],
  "interpretation": "Interval propagation of the omitted n>=tailStart theta profile through the normalized source-row map Psi -> E_u^Psi on the finite source grid. The bound uses derivative envelopes for the theta tail, interval quotient arithmetic for Psi(x+r)/Psi(x), and ||Delta S|| <= 2||E8||||Delta E||+||Delta E||^2."
}
