{
  "theoremName": "finite D_q vanishing Schur-defect scan",
  "meaning": "Finite Galerkin test of D_q=0, equivalent to Gamma^*Gamma-C<=0 in quotient Schur coordinates.",
  "parameters": {
    "models": [
      "full"
    ],
    "kind": "tilde3",
    "omega": 0.49,
    "L": 8.0,
    "basisValues": [
      8
    ],
    "constraintValues": [
      5
    ],
    "zeroTol": 1e-20,
    "dps": 50
  },
  "rows": [
    {
      "model": "full",
      "kind": "tilde3",
      "omega": 0.49,
      "L": 8.0,
      "basis": 8,
      "quad": 16,
      "laguerre": 24,
      "constraints": 5,
      "traceRank": 5,
      "traceNullity": 3,
      "kMin": 9.27493449318089e-05,
      "aMin": 0.004058760062849071,
      "bNorm": 0.10040238636535147,
      "rangeResidual": 0.0,
      "normalizedRangeResidual": 0.0,
      "gamma2Min": -1.022970402147552e-52,
      "gamma2Max": 0.084129089268374,
      "schurDefectMin": -0.0415569984677974,
      "schurDefectMax": -0.00011790089587421823,
      "dqPositivePartNorm": 0.0,
      "finiteDqZero": true,
      "lowSchurDefect": [
        -0.0415569984677974,
        -0.009130067614252368,
        -0.002409999873429942,
        -0.0006562531575206292,
        -0.00011790089587421823
      ]
    }
  ],
  "worstRow": {
    "model": "full",
    "kind": "tilde3",
    "omega": 0.49,
    "L": 8.0,
    "basis": 8,
    "quad": 16,
    "laguerre": 24,
    "constraints": 5,
    "traceRank": 5,
    "traceNullity": 3,
    "kMin": 9.27493449318089e-05,
    "aMin": 0.004058760062849071,
    "bNorm": 0.10040238636535147,
    "rangeResidual": 0.0,
    "normalizedRangeResidual": 0.0,
    "gamma2Min": -1.022970402147552e-52,
    "gamma2Max": 0.084129089268374,
    "schurDefectMin": -0.0415569984677974,
    "schurDefectMax": -0.00011790089587421823,
    "dqPositivePartNorm": 0.0,
    "finiteDqZero": true,
    "lowSchurDefect": [
      -0.0415569984677974,
      -0.009130067614252368,
      -0.002409999873429942,
      -0.0006562531575206292,
      -0.00011790089587421823
    ]
  },
  "allFiniteDqZero": true,
  "finiteEvidenceStatus": {
    "label": "finite Schur defect nonpositive",
    "closed": true,
    "status": "closed",
    "reason": "Every scanned finite quotient has lambda_max(Gamma^*Gamma-C) below the zero tolerance."
  },
  "continuumTheoremClosed": false,
  "nextProofTarget": "Promote the finite inequality Gamma^*Gamma-C<=0 to the completed trace range X_R, or identify a stable positive Schur-defect mode and abandon the repair-free route."
}
