{
  "omega": 0.49,
  "L": 2.0,
  "s0": 0.2825,
  "basis": 22,
  "activeTol": 1e-08,
  "activeFloor": 36616.55939973027,
  "activeDim": 3,
  "activeSourceEigenvalues": [
    165247.04233490035,
    274587561456.9068,
    3661655939973.0273
  ],
  "lambda0AtS0": -0.00012862612661029079,
  "lambda1AtS0": 9.42101395763874e-06,
  "gapAtS0": 0.00013804714056792953,
  "e8AtS0": -0.17949627136147217,
  "lambdaDerivativesAtS0": [
    -0.00012862612661029079,
    0.0012586353561607226,
    -0.010569790654668558,
    0.08131470927283976,
    -0.48480406794895253,
    0.3262134539749114,
    33.05440359008409,
    -172.53886154243878,
    -11867.497399991053,
    225121.96880967333,
    3735520.511510404,
    -308912314.588315,
    3399472962.8393655,
    369400519027.39575,
    -16726614828278.037,
    -133545146978831.05,
    5.480905836994158e+16
  ],
  "rows": [
    {
      "point": 0.085625,
      "activeDim": 3,
      "maxDeriv": 8,
      "rankNormalized": 3,
      "columnNorms": [
        186874270997888.88,
        7752884902851894.0,
        7871215380442305.0
      ],
      "rawGramEigenvalues": [
        1.4577539837819462e+19,
        4.867109027329156e+24,
        1.2209817300821772e+32
      ],
      "normalizedGramEigenvalues": [
        1.1545540233988474e-12,
        1.9231911826543547e-05,
        2.9999807680870187
      ],
      "minSingularValueNormalized": 1.0745017558844879e-06,
      "bestNormalizedDerivativeMinor": {
        "derivativeOrders": [
          6,
          7,
          8
        ],
        "determinant": -7.829598664004257e-09,
        "absDeterminant": 7.829598664004257e-09
      }
    },
    {
      "point": 0.348125,
      "activeDim": 3,
      "maxDeriv": 8,
      "rankNormalized": 3,
      "columnNorms": [
        981421385486.4247,
        12946037792742.363,
        11341893585645.006
      ],
      "rawGramEigenvalues": [
        6.387730567418164e+17,
        2.1203226198602317e+24,
        2.950813093164657e+26
      ],
      "normalizedGramEigenvalues": [
        1.4241584317593668e-08,
        0.5520419016935596,
        2.4479580840648563
      ],
      "minSingularValueNormalized": 0.00011933810924257878,
      "bestNormalizedDerivativeMinor": {
        "derivativeOrders": [
          5,
          6,
          8
        ],
        "determinant": 0.00013466107633101608,
        "absDeterminant": 0.00013466107633101608
      }
    },
    {
      "point": 0.545,
      "activeDim": 3,
      "maxDeriv": 8,
      "rankNormalized": 3,
      "columnNorms": [
        1.886754555513393e+16,
        3.630531768133512e+17,
        3.9431922711831443e+17
      ],
      "rawGramEigenvalues": [
        1.7354899175825023e+21,
        1.9613578582275645e+30,
        2.8764928498686638e+35
      ],
      "normalizedGramEigenvalues": [
        4.646327065993975e-14,
        0.0009631267510172955,
        2.999036873248936
      ],
      "minSingularValueNormalized": 2.1555340558650365e-07,
      "bestNormalizedDerivativeMinor": {
        "derivativeOrders": [
          6,
          7,
          8
        ],
        "determinant": 1.1583075573807158e-08,
        "absDeterminant": 1.1583075573807158e-08
      }
    }
  ],
  "interpretation": "Full normalized derivative rank at an off-base point proves the finite active unique-continuation implication: if Lambda_a(v) vanishes on an interval, then all derivatives at that point vanish, hence v=0 on the active block."
}
