{
  "omega": 0.49,
  "L": 2.0,
  "basis": 22,
  "quad": 16,
  "laguerre": 16,
  "fullNmax": 8,
  "sourceGrid": 129,
  "alpha3": 1.000000001683822,
  "tildeWeights": {
    "1": 1.0,
    "2": 1.0,
    "3": 1.000000001683822
  },
  "tailWeights": {
    "3": -1.6838218875294225e-09,
    "4": 1.0,
    "5": 1.0,
    "6": 1.0,
    "7": 1.0,
    "8": 1.0
  },
  "traceRank": 12,
  "traceNullity": 10,
  "traceRankTolerance": 6.363372578716217e-09,
  "traceCenters": [
    0.02,
    0.06772727272727273,
    0.11545454545454545,
    0.16318181818181818,
    0.2109090909090909,
    0.2586363636363636,
    0.30636363636363634,
    0.35409090909090907,
    0.4018181818181818,
    0.4495454545454545,
    0.49727272727272726,
    0.545
  ],
  "global": {
    "coreOperatorNorm": 0.16544588886057401,
    "coreMinEigenvalue": -1.0056078926027072e-47,
    "coreMaxEigenvalue": 0.16544588886057401,
    "tailOperatorNorm": 3.2842119538358085e-20,
    "tailMinEigenvalue": -1.6942822686638337e-20,
    "tailMaxEigenvalue": 3.2842119538358085e-20,
    "tailRelativeToCoreOp": 1.9850671276597924e-19,
    "fullOperatorNorm": 0.16544588886057401,
    "fullMinEigenvalue": -2.371095995758726e-47,
    "fullMaxEigenvalue": 0.16544588886057401
  },
  "traceKernel": {
    "coreKerPositiveMinEigenvalue": 2.5522072428340583e-13,
    "tailKerOperatorNorm": 3.205961960269583e-20,
    "tailKerRelativeToCorePositiveMin": 1.256152676970532e-07,
    "tailTraceRangeOperatorNorm": 8.501744240384469e-25
  },
  "activeSourcePlane": {
    "sourceEigenvalues": [
      13455482918.081448,
      179237953059.07382
    ],
    "sourceTop": 179237953059.07382,
    "sourceGap": 13455476408.878038,
    "coreMatrix": [
      [
        1.8224151958662063,
        -0.14132993762900076
      ],
      [
        -0.14132993762900076,
        1.8123465363577826
      ]
    ],
    "tailMatrix": [
      [
        6.574084315567217e-16,
        -2.284716572476848e-16
      ],
      [
        -2.284716572476848e-16,
        5.0154046414572406e-17
      ]
    ],
    "fullMatrix": [
      [
        1.822415195866207,
        -0.141329937629001
      ],
      [
        -0.141329937629001,
        1.8123465363577826
      ]
    ],
    "tailOperatorNorm": 7.337664626905906e-16,
    "coreOperatorNorm": 1.9588004395319825,
    "tailRelativeToCore": 3.745999071073876e-16,
    "tailOverCertifiedRieszLowerDiagnostic": 6.257413123904654e-31,
    "tailOverFiniteRankMarginDiagnostic": 6.076230259606729e-31,
    "projectorAlphaFromRieszCertificate": 6.504848447082551e-05,
    "certifiedRieszLowerBound": 1172635477570509.2,
    "finiteRankMargin": 1207601475487997.8,
    "perturbativeDiagnosticPasses": true
  },
  "lambda0AtS0": -0.00012862612661029488,
  "lambda1AtS0": 9.421013957644079e-06,
  "gapAtS0": 0.00013804714056793896,
  "lambdaDerivativesAtS0": [
    -0.00012862612661029488,
    0.0012586353561607278,
    -0.010569790654665612,
    0.08131470927286903,
    -0.4848040679525487,
    0.3262134538845565,
    33.05440359622532,
    -172.53886130853405,
    -11867.497413557534,
    225121.9681730302,
    3735520.5510729966,
    -308912312.8851887,
    3399472824.7994356,
    369400515001.50024,
    -16726614315067.658,
    -133545140502709.31,
    5.480905644479817e+16
  ],
  "interpretation": "Finite reduced-Volterra theta-tail diagnostic in the same polynomial/source-active coordinates as the Riesz theorem.  This does not yet replace the literal continuum S_tail derivation; it checks that K_red(Phi)-K_red(tildePhi_3) is small on the active source plane and trace-normalized Galerkin blocks."
}
