{
  "omega": 0.49,
  "L": 2.0,
  "sourceMin": 0.08,
  "sourceMax": 0.52,
  "bases": [
    18,
    20,
    22
  ],
  "sourceCounts": [
    5,
    9,
    13
  ],
  "constraintRule": "ratio-floor",
  "constraintRatio": 0.625,
  "cutoff": 6,
  "summary": {
    "integratedMin": 2.245269967015501e-07,
    "integratedMax": 1.1937549646298715e-06,
    "integratedSpread": 9.692279679283213e-07,
    "worstSingleMin": 2.246468350313588e-07,
    "worstSingleMax": 1.1943661530679247e-06,
    "worstSingleSpread": 9.69719318036566e-07
  },
  "rows": [
    {
      "basis": 18,
      "constraints": 11,
      "rank": 11,
      "nullity": 7,
      "positiveModes": 7,
      "cutoff": 6,
      "sourceCount": 5,
      "lambdaMinA": 1.0052047510858405e-08,
      "lambdaMaxA": 0.1543899343461991,
      "integratedHighAbsorb": 19211.04697510254,
      "integratedFullAbsorb": 85562303230.0147,
      "integratedHighFullFrac": 2.245269967015501e-07,
      "worstU": 0.10064043389349392,
      "worstSingleHighAbsorb": 48913.127013497266,
      "worstSingleFullAbsorb": 217733434823.01636,
      "worstSingleHighFullFrac": 2.246468350313588e-07,
      "emptyHighBlock": false
    },
    {
      "basis": 18,
      "constraints": 11,
      "rank": 11,
      "nullity": 7,
      "positiveModes": 7,
      "cutoff": 6,
      "sourceCount": 9,
      "lambdaMinA": 1.0052047510858405e-08,
      "lambdaMaxA": 0.1543899343461991,
      "integratedHighAbsorb": 19211.046975170404,
      "integratedFullAbsorb": 85562303230.315,
      "integratedHighFullFrac": 2.2452699670155522e-07,
      "worstU": 0.08700474730832226,
      "worstSingleHighAbsorb": 49194.94016668587,
      "worstSingleFullAbsorb": 218980522211.28442,
      "worstSingleHighFullFrac": 2.246544106750275e-07,
      "emptyHighBlock": false
    },
    {
      "basis": 18,
      "constraints": 11,
      "rank": 11,
      "nullity": 7,
      "positiveModes": 7,
      "cutoff": 6,
      "sourceCount": 13,
      "lambdaMinA": 1.0052047510858405e-08,
      "lambdaMaxA": 0.1543899343461991,
      "integratedHighAbsorb": 19211.046975170404,
      "integratedFullAbsorb": 85562303230.315,
      "integratedHighFullFrac": 2.2452699670155522e-07,
      "worstU": 0.08347972796191061,
      "worstSingleHighAbsorb": 49266.25815221662,
      "worstSingleFullAbsorb": 219296084985.8549,
      "worstSingleHighFullFrac": 2.2465635059282708e-07,
      "emptyHighBlock": false
    },
    {
      "basis": 20,
      "constraints": 12,
      "rank": 12,
      "nullity": 8,
      "positiveModes": 8,
      "cutoff": 6,
      "sourceCount": 5,
      "lambdaMinA": 4.410511401245314e-11,
      "lambdaMaxA": 0.1543899487639319,
      "integratedHighAbsorb": 363983.27335627197,
      "integratedFullAbsorb": 304906186060.6662,
      "integratedHighFullFrac": 1.1937549646298465e-06,
      "worstU": 0.10064043389349392,
      "worstSingleHighAbsorb": 926687.2008391247,
      "worstSingleFullAbsorb": 775911726528.9976,
      "worstSingleHighFullFrac": 1.1943203964510417e-06,
      "emptyHighBlock": false
    },
    {
      "basis": 20,
      "constraints": 12,
      "rank": 12,
      "nullity": 8,
      "positiveModes": 8,
      "cutoff": 6,
      "sourceCount": 9,
      "lambdaMinA": 4.410511401245314e-11,
      "lambdaMaxA": 0.1543899487639319,
      "integratedHighAbsorb": 363983.27335755696,
      "integratedFullAbsorb": 304906186061.7362,
      "integratedHighFullFrac": 1.1937549646298715e-06,
      "worstU": 0.08700474730832226,
      "worstSingleHighAbsorb": 932023.2100604306,
      "worstSingleFullAbsorb": 780355750648.8387,
      "worstSingleHighFullFrac": 1.1943568164718278e-06,
      "emptyHighBlock": false
    },
    {
      "basis": 20,
      "constraints": 12,
      "rank": 12,
      "nullity": 8,
      "positiveModes": 8,
      "cutoff": 6,
      "sourceCount": 13,
      "lambdaMinA": 4.410511401245314e-11,
      "lambdaMaxA": 0.1543899487639319,
      "integratedHighAbsorb": 363983.27335755696,
      "integratedFullAbsorb": 304906186061.7362,
      "integratedHighFullFrac": 1.1937549646298715e-06,
      "worstU": 0.08347972796191061,
      "worstSingleHighAbsorb": 933373.5696604962,
      "worstSingleFullAbsorb": 781480258179.599,
      "worstSingleHighFullFrac": 1.1943661530679247e-06,
      "emptyHighBlock": false
    },
    {
      "basis": 22,
      "constraints": 13,
      "rank": 12,
      "nullity": 10,
      "positiveModes": 10,
      "cutoff": 6,
      "sourceCount": 5,
      "lambdaMinA": 1.2942067999489451e-13,
      "lambdaMaxA": 0.15438995092429375,
      "integratedHighAbsorb": 9172037.348167382,
      "integratedFullAbsorb": 16667601160419.773,
      "integratedHighFullFrac": 5.502913862582721e-07,
      "worstU": 0.10064043389349392,
      "worstSingleHighAbsorb": 23355180.91958105,
      "worstSingleFullAbsorb": 42421028379271.88,
      "worstSingleHighFullFrac": 5.505566887905304e-07,
      "emptyHighBlock": false
    },
    {
      "basis": 22,
      "constraints": 13,
      "rank": 12,
      "nullity": 10,
      "positiveModes": 10,
      "cutoff": 6,
      "sourceCount": 9,
      "lambdaMinA": 1.2942067999489451e-13,
      "lambdaMaxA": 0.15438995092429375,
      "integratedHighAbsorb": 9172037.348199816,
      "integratedFullAbsorb": 16667601160478.291,
      "integratedHighFullFrac": 5.502913862582861e-07,
      "worstU": 0.08700474730832226,
      "worstSingleHighAbsorb": 23489898.05275719,
      "worstSingleFullAbsorb": 42664352250875.08,
      "worstSingleHighFullFrac": 5.505743510327265e-07,
      "emptyHighBlock": false
    },
    {
      "basis": 22,
      "constraints": 13,
      "rank": 12,
      "nullity": 10,
      "positiveModes": 10,
      "cutoff": 6,
      "sourceCount": 13,
      "lambdaMinA": 1.2942067999489451e-13,
      "lambdaMaxA": 0.15438995092429375,
      "integratedHighAbsorb": 9172037.348199816,
      "integratedFullAbsorb": 16667601160478.291,
      "integratedHighFullFrac": 5.502913862582861e-07,
      "worstU": 0.08347972796191061,
      "worstSingleHighAbsorb": 23523991.572794877,
      "worstSingleFullAbsorb": 42725923805701.17,
      "worstSingleHighFullFrac": 5.505788869486289e-07,
      "emptyHighBlock": false
    }
  ],
  "cases": [
    {
      "omega": 0.49,
      "L": 2.0,
      "basis": 18,
      "constraints": 11,
      "rank": 11,
      "nullity": 7,
      "positiveModes": 7,
      "cutoff": 6,
      "sourceMin": 0.08,
      "sourceMax": 0.52,
      "sourceCount": 5,
      "lambdaMinA": 1.0052047510858405e-08,
      "lambdaMaxA": 0.1543899343461991,
      "integratedHighAbsorb": 19211.04697510254,
      "integratedFullAbsorb": 85562303230.0147,
      "integratedHighFullFrac": 2.245269967015501e-07,
      "integratedHighSize": 2965.992281207828,
      "integratedFullSize": 10144.269745139298,
      "worstSingle": {
        "u": 0.10064043389349392,
        "weight": 0.0521239147123616,
        "pStarH": -106.9514476406532,
        "highAbsorb": 48913.127013497266,
        "fullAbsorb": 217733434823.01636,
        "highFullFrac": 2.246468350313588e-07,
        "highSize": 7551.69446828114,
        "fullSize": 25825.363005402833
      },
      "interpretation": "Gauss-window source regularizer. Stability of the high/full fraction supports replacing sampled source points by a uniform source-window Hardy/Green estimate."
    },
    {
      "omega": 0.49,
      "L": 2.0,
      "basis": 18,
      "constraints": 11,
      "rank": 11,
      "nullity": 7,
      "positiveModes": 7,
      "cutoff": 6,
      "sourceMin": 0.08,
      "sourceMax": 0.52,
      "sourceCount": 9,
      "lambdaMinA": 1.0052047510858405e-08,
      "lambdaMaxA": 0.1543899343461991,
      "integratedHighAbsorb": 19211.046975170404,
      "integratedFullAbsorb": 85562303230.315,
      "integratedHighFullFrac": 2.2452699670155522e-07,
      "integratedHighSize": 2965.9922812183054,
      "integratedFullSize": 10144.269745175085,
      "worstSingle": {
        "u": 0.08700474730832226,
        "weight": 0.01788036543954637,