{
  "theoremName": "repair-free Schur complement trace-kernel probe",
  "meaning": "Finite diagnostic for the continuum target C-Gamma^*Gamma>=0. Each row transports the Schur complement to sampled trace coordinates, exposing the finite kernel that a Volterra/Green proof should factor.",
  "parameters": {
    "model": "full",
    "kind": "tilde3",
    "omega": 0.49,
    "L": 8.0,
    "basisValues": [
      12
    ],
    "constraintValues": [
      9
    ],
    "dps": 60
  },
  "rows": [
    {
      "model": "full",
      "kind": "tilde3",
      "omega": 0.49,
      "L": 8.0,
      "basis": 12,
      "quad": 24,
      "constraints": 9,
      "traceRank": 9,
      "traceNullity": 3,
      "aZeroCount": 0,
      "kMin": 9.382901972922919e-07,
      "kMax": 0.2556688503171058,
      "cMin": 6.186293201433791e-06,
      "cMax": 0.24503997765317,
      "gamma2Min": -1.34837855928942e-62,
      "gamma2Max": 0.09944539896793206,
      "schurComplementMin": 1.0811969351961145e-06,
      "schurComplementMax": 0.18703752465588916,
      "schurComplementEigenvalues": [
        1.0811969351961145e-06,
        9.100423209190537e-06,
        3.3039385157198385e-05,
        0.00012681857185712324,
        0.0004284247735857978,
        0.0015626428868721252,
        0.006379867724414828,
        0.03017038496769733,
        0.18703752465588916
      ],
      "traceKernelMin": 1.8605439321845638e-11,
      "traceKernelMax": 2913725834885.2686,
      "traceKernelEigenvalues": [
        1.8605439321845638e-11,
        1.6003965253107497e-06,
        2.9507560654326994,
        6.721820160127162,
        23.908287862685146,
        360228.7988197644,
        8279475.81448151,
        238345083.0765775,
        2913725834885.2686
      ],
      "traceKernelDiagMin": 324606286.56980944,
      "traceKernelDiagMax": 1059634680172.2131,
      "traceKernelOffdiagMin": -901465452934.9318,
      "traceKernelOffdiagMax": 698592228050.6826,
      "principalMinorStats": {
        "checked": 255,
        "maxOrder": 4,
        "min": 324606286.56980944,
        "minOrder": 1,
        "negativeCount": 0
      },
      "contiguousMinorStats": {
        "checked": 45,
        "min": 324606286.56980944,
        "minOrder": 1,
        "negativeCount": 0
      },
      "inverseStructureStats": {
        "available": true,
        "frobenius": 53747723059.32185,
        "maxAbs": 21851498265.453224,
        "diagNonpositiveCount": 0,
        "offdiagPositiveCount": 72,
        "absByIndexDistance": [
          {
            "distance": 0,
            "maxAbs": 21851498265.453224,
            "meanAbs": 5972038655.707216,
            "maxAbsRelative": 1.0
          },
          {
            "distance": 1,
            "maxAbs": 17277326171.40245,
            "meanAbs": 5166489281.352231,
            "maxAbsRelative": 0.7906700932593511
          },
          {
            "distance": 2,
            "maxAbs": 13405952279.435509,
            "meanAbs": 4443990896.740575,
            "maxAbsRelative": 0.6135026585627791
          },
          {
            "distance": 3,
            "maxAbs": 10180993544.019897,
            "meanAbs": 3808845819.1521773,
            "maxAbsRelative": 0.46591741309179896
          },
          {
            "distance": 4,
            "maxAbs": 7575959275.746538,
            "meanAbs": 3265246406.35539,
            "maxAbsRelative": 0.3467020514434919
          },
          {
            "distance": 5,
            "maxAbs": 5549849632.953856,
            "meanAbs": 2810157974.547848,
            "maxAbsRelative": 0.2539802793169591
          },
          {
            "distance": 6,
            "maxAbs": 4012588367.2764955,
            "meanAbs": 2426649232.7213187,
            "maxAbsRelative": 0.18362989661081117
          },
          {
            "distance": 7,
            "maxAbs": 2806940035.846096,
            "meanAbs": 2078700445.96277,
            "maxAbsRelative": 0.12845526662507217
          },
          {
            "distance": 8,
            "maxAbs": 1707909512.237466,
            "meanAbs": 1707909512.237466,
            "maxAbsRelative": 0.07815983560896766
          }
        ]
      },
      "centers": [
        0.02,
        0.085625,
        0.15125,
        0.216875,
        0.2825,
        0.348125,
        0.41375,
        0.479375,
        0.545
      ],
      "minModeTrace": [
        1.0,
        0.7895057898589706,
        0.6118104609774777,
        0.4640798941586794,
        0.3448941865053019,
        0.25225727736501297,
        0.18201419192245452,
        0.12700901023051753,
        0.07706935093378119
      ],
      "minModeExponentialFit": {
        "available": true,
        "model": "abs(v(a)) ~= exp(intercept-decay*(a-a0))",
        "a0": 0.02,
        "decay": 4.766458099186302,
        "intercept": 0.11037077679464743,
        "maxFitResidual": 0.1166920372036601,
        "maxFitRelativeResidual": 0.1865261968223088,
        "maxResidualAgainstExp5": 0.09301729532358835,
        "maxRelativeResidualAgainstExp5": 0.23285495044865734
      },
      "traceKernelMatrix": [
        [
          884786725.869,
          -5234434150.14,
          14725747642.2,
          -26002659904.5,
          30574829305.5,
          -23702258926.2,
          11829470551.5,
          -3579546952.88,
          535415965.297
        ],
        [
          -5234434150.14,
          31009682629.0,
          -87307303329.4,
          154174701184.0,
          -181241781404.0,
          140471566166.0,
          -70060709660.8,
          21166441834.2,
          -3163005502.21
        ],
        [
          14725747642.2,
          -87307303329.4,
          245926173037.0,
          -434291804166.0,
          510469620782.0,
          -395590506219.0,
          197226485753.0,
          -59530467079.3,
          8891067217.82
        ],
        [
          -26002659904.5,
          154174701184.0,
          -434291804166.0,
          766940949755.0,
          -901465452935.0,
          698592228051.0,
          -348284697597.0,
          105119839094.0,
          -15699542151.0
        ],
        [
          30574829305.5,
          -181241781404.0,
          510469620782.0,
          -901465452935.0,
          1059634680170.0,
          -821201383393.0,
          409460600896.0,
          -123618219745.0,
          18465393998.9
        ],
        [
          -23702258926.2,
          140471566166.0,
          -395590506219.0,
          698592228051.0,
          -821201383393.0,
          636445764080.0,
          -317375826953.0,
          95842796215.7,
          -14318788292.3
        ],
        [
          11829470551.5,
          -70060709660.8,
          197226485753.0,
          -348284697597.0,
          409460600896.0,
          -317375826953.0,
          158318617205.0,
          -47847561712.5,
          7151756538.44
        ],
        [
          -3579546952.88,
          21166441834.2,
          -59530467079.3,
          105119839094.0,
          -123618219745.0,
          95842796215.7,
          -47847561712.5,
          14487559815.6,
          -2167860026.05
        ],
        [
          535415965.297,
          -3163005502.21,
          8891067217.82,
          -15699542151.0,
          18465393998.9,
          -14318788292.3,
          7151756538.44,
          -2167860026.05,
          324606286.57
        ]
      ],