{
  "omega": 0.49,
  "L": 2.0,
  "s0": 0.2825,
  "basis": 18,
  "globalConstraints": 11,
  "interval": [
    0.02,
    0.545
  ],
  "activeTol": 1e-08,
  "activeDim": 2,
  "activeFloor": 182.85135401773348,
  "sourceTop": 18285135401.77335,
  "traceCenters": [
    0.02,
    0.0725,
    0.125,
    0.1775,
    0.23,
    0.2825,
    0.335,
    0.3875,
    0.44,
    0.4925,
    0.545
  ],
  "traceWeights": [
    0.02625,
    0.0525,
    0.0525,
    0.0525,
    0.0525,
    0.0525,
    0.0525,
    0.0525,
    0.0525,
    0.0525,
    0.02625
  ],
  "maxCenterMismatch": 0.0,
  "traceFieldMinGap": 1.1635518278617991e-05,
  "traceFieldMinConsecutiveCos": 0.9560764744726488,
  "lambda0": -0.00012862612661029079,
  "lambda1": 9.42101395763874e-06,
  "gap": 0.00013804714056792953,
  "lambdaDerivatives": [
    -0.00012862612661029079,
    0.0012586353561607226,
    -0.010569790654668558,
    0.08131470927283976,
    -0.48480406794895253,
    0.3262134539749114,
    33.05440359008409,
    -172.53886154243878,
    -11867.497399991053,
    225121.96880967333,
    3735520.511510404,
    -308912314.588315,
    3399472962.8393655,
    369400519027.39575,
    -16726614828278.037,
    -133545146978831.05,
    5.480905836994158e+16
  ],
  "activeRangeFrobeniusRelative": 3.6497508373774743e-69,
  "maxIbpRelativeDefectOnActive": 2481283.9499772824,
  "maxActiveRangeRelativeDefect": 5.611776968403598e-69,
  "maxEtaL2Trap": 15220911281.570494,
  "rows": [
    {
      "sourceNode": 0.08,
      "component": "boundary",
      "ibpRelativeDefectOnActive": 1831311.2402368854,
      "activeRangeRelativeDefect": 4.057488657662899e-69,
      "etaL2Trap": 1198833795.4212067,
      "etaMaxAbs": 7299150349.484488,
      "densityL2Trap": 27.22230506627383,
      "densityMaxAbs": 91.03316478712154,
      "leftBoundaryRowNorm": 3118449.1053565466,
      "rightBoundaryRowNorm": 179434537.59736246
    },
    {
      "sourceNode": 0.08,
      "component": "adjointEval",
      "ibpRelativeDefectOnActive": 2481283.9499772824,
      "activeRangeRelativeDefect": 2.5536685167259876e-69,
      "etaL2Trap": 15220911281.570494,
      "etaMaxAbs": 92672416514.6516,
      "densityL2Trap": 349.5148388300294,
      "densityMaxAbs": 1208.8906326905271,
      "leftBoundaryRowNorm": 41411817.78192748,
      "rightBoundaryRowNorm": 2278182278.0432186
    },
    {
      "sourceNode": 0.135,
      "component": "boundary",
      "ibpRelativeDefectOnActive": 1839331.107522884,
      "activeRangeRelativeDefect": 3.892785049589427e-69,
      "etaL2Trap": 1204754838.4185982,
      "etaMaxAbs": 7335199905.432924,
      "densityL2Trap": 27.361659916719976,
      "densityMaxAbs": 91.55281341702089,
      "leftBoundaryRowNorm": 3136250.0674256105,
      "rightBoundaryRowNorm": 180320770.8974894
    },
    {
      "sourceNode": 0.135,
      "component": "adjointEval",
      "ibpRelativeDefectOnActive": 2481283.9499772824,
      "activeRangeRelativeDefect": 2.9290913312288736e-69,
      "etaL2Trap": 15037068960.827732,
      "etaMaxAbs": 91553093774.65758,
      "densityL2Trap": 345.2933032126222,
      "densityMaxAbs": 1194.2893216831428,
      "leftBoundaryRowNorm": 40911634.544119366,
      "rightBoundaryRowNorm": 2250665770.6986413
    },
    {
      "sourceNode": 0.19,
      "component": "boundary",
      "ibpRelativeDefectOnActive": 1847424.5542062826,
      "activeRangeRelativeDefect": 2.710303623890567e-69,
      "etaL2Trap": 1209039696.5220191,
      "etaMaxAbs": 7361287472.497233,
      "densityL2Trap": 27.463905600617952,
      "densityMaxAbs": 91.94873927648564,
      "leftBoundaryRowNorm": 3149812.757525182,
      "rightBoundaryRowNorm": 180962109.49240047
    },
    {
      "sourceNode": 0.19,
      "component": "adjointEval",
      "ibpRelativeDefectOnActive": 2481283.9499772824,
      "activeRangeRelativeDefect": 5.611776968403598e-69,
      "etaL2Trap": 14828912396.423853,
      "etaMaxAbs": 90285733924.78761,
      "densityL2Trap": 340.5134443255183,
      "densityMaxAbs": 1177.7569001884078,
      "leftBoundaryRowNorm": 40345299.089182265,
      "rightBoundaryRowNorm": 2219510041.1033006
    },
    {
      "sourceNode": 0.245,
      "component": "boundary",
      "ibpRelativeDefectOnActive": 1855539.8732472416,
      "activeRangeRelativeDefect": 4.110919178741951e-69,
      "etaL2Trap": 1211623376.3560266,
      "etaMaxAbs": 7377017346.0916395,
      "densityL2Trap": 27.527513746110102,
      "densityMaxAbs": 92.21525767557762,
      "leftBoundaryRowNorm": 3158942.4421925894,
      "rightBoundaryRowNorm": 181348825.4872825
    },
    {
      "sourceNode": 0.245,
      "component": "adjointEval",
      "ibpRelativeDefectOnActive": 2481283.9499772824,
      "activeRangeRelativeDefect": 3.188938488859963e-69,
      "etaL2Trap": 14598398074.065907,
      "etaMaxAbs": 88882249015.1808,
      "densityL2Trap": 335.22018857121253,
      "densityMaxAbs": 1159.4487581958233,
      "leftBoundaryRowNorm": 39718134.464343406,
      "rightBoundaryRowNorm": 2185007925.2761836
    },
    {
      "sourceNode": 0.3,
      "component": "boundary",
      "ibpRelativeDefectOnActive": 1863629.655835748,
      "activeRangeRelativeDefect": 3.1678276435843295e-69,
      "etaL2Trap": 1212459998.145066,
      "etaMaxAbs": 7382110195.05882,
      "densityL2Trap": 27.551392576186764,
      "densityMaxAbs": 92.34817561217862,
      "leftBoundaryRowNorm": 3163495.4873761474,
      "rightBoundaryRowNorm": 181474051.80465978
    },
    {
      "sourceNode": 0.3,
      "component": "adjointEval",
      "ibpRelativeDefectOnActive": 2481283.9499772824,
      "activeRangeRelativeDefect": 4.070185179574122e-69,
      "etaL2Trap": 14347614541.946613,
      "etaMaxAbs": 87355355157.53677,
      "densityL2Trap": 329.4614948774894,
      "densityMaxAbs": 1139.5307744953902,
      "leftBoundaryRowNorm": 39035823.02170285,
      "rightBoundaryRowNorm": 2147472025.6227233
    },
    {
      "sourceNode": 0.355,
      "component": "boundary",
      "ibpRelativeDefectOnActive": 1871650.9168620203,
      "activeRangeRelativeDefect": 4.3384195966011714e-69,
      "etaL2Trap": 1211522782.0318196,
      "etaMaxAbs": 7376402978.215173,
      "densityL2Trap": 27.534887396103024,
      "densityMaxAbs": 92.34480166035492,
      "leftBoundaryRowNorm": 3163379.6971387295,
      "rightBoundaryRowNorm": 181333780.13742128
    },
    {
      "sourceNode": 0.355,
      "component": "adjointEval",
      "ibpRelativeDefectOnActive": 2481283.9499772824,
      "activeRangeRelativeDefect": 3.929450242555267e-69,
      "etaL2Trap": 14078738354.23327,
      "etaMaxAbs": 85718304287.34265,
      "densityL2Trap": 323.2873430362886,
      "densityMaxAbs": 1118.175817576762,
      "leftBoundaryRowNorm": 38304286.552860394,
      "rightBoundaryRowNorm": 2107228116.7985497
    },
    {
      "sourceNode": 0.41,
      "component": "boundary",
      "ibpRelativeDefectOnActive": 1879565.1333908057,
      "activeRangeRelativeDefect": 4.445330624741756e-69,
      "etaL2Trap": 1208803641.9689386,
      "etaMaxAbs": 7359846471.6183195,
      "densityL2Trap": 27.477772028974268,
      "densityMaxAbs": 92.20392397270419,
      "leftBoundaryRowNorm": 3158553.560074473,
      "rightBoundaryRowNorm": 180926800.16551134
    },
    {
      "sourceNode": 0.41,
      "component": "adjointEval",
      "ibpRelativeDefectOnActive": 2481283.9499772824,
      "activeRangeRelativeDefect": 3.817418305242281e-69,
      "etaL2Trap": 13793991858.652386,
      "etaMaxAbs": 83984627153.86446,
      "densityL2Trap": 316.74876438818416,
      "densityMaxAbs": 1095.5603929920346,
      "leftBoundaryRowNorm": 37529571.44080823,
      "rightBoundaryRowNorm": 2064608827.5873487
    },
    {
      "sourceNode": 0.465,
      "component": "boundary",
      "ibpRelativeDefectOnActive": 1887338.2090323577,
      "activeRangeRelativeDefect": 3.7114347983059355e-69,
      "etaL2Trap": 1204312422.3197868,
      "etaMaxAbs": 7332500620.483006,
      "densityL2Trap": 27.38023198864337,