{
  "omega": 0.49,
  "L": 2.0,
  "s0": 0.2825,
  "basisList": [
    22
  ],
  "traceCount": 9,
  "lambda0": -0.00012862612661029079,
  "lambda1": 9.42101395763874e-06,
  "gap": 0.00013804714056792953,
  "e8AtS0": -0.17949627136147217,
  "lambdaDerivatives": [
    -0.00012862612661029079,
    0.0012586353561607226,
    -0.010569790654668558,
    0.08131470927283976,
    -0.48480406794895253,
    0.3262134539749114,
    33.05440359008409,
    -172.53886154243878,
    -11867.497399991053,
    225121.96880967333,
    3735520.511510404,
    -308912314.588315,
    3399472962.8393655,
    369400519027.39575,
    -16726614828278.037,
    -133545146978831.05,
    5.480905836994158e+16
  ],
  "rows": [
    {
      "basis": 22,
      "traceCount": 9,
      "activeTol": 1e-08,
      "activeFloor": 36616.55939973027,
      "activeDim": 3,
      "activeSourceEigenvalues": [
        165247.04233490035,
        274587561456.9068,
        3661655939973.0273
      ],
      "traceCenters": [
        0.02,
        0.085625,
        0.15125,
        0.216875,
        0.2825,
        0.348125,
        0.41375,
        0.479375,
        0.545
      ],
      "weightedColumnNorms": [
        874276.3905340936,
        28350334.353331923,
        29317387.140350454
      ],
      "weightedFrameEigenvalues": [
        2874982.3289243444,
        436080038.4593773,
        1664014566934922.8
      ],
      "normalizedFrameEigenvalues": [
        2.4793086296015962e-08,
        5.311900873315397e-05,
        2.9999468561981804
      ],
      "bestNormalizedMinor": {
        "rowIndices": [
          1,
          5,
          8
        ],
        "traceCenters": [
          0.085625,
          0.348125,
          0.545
        ],
        "determinant": 4.355505059299606e-07,
        "absDeterminant": 4.355505059299606e-07
      },
      "interpretation": "A nonzero bestNormalizedMinor proves finite sampled trace injectivity on this active block.  The normalized minor removes irrelevant scaling of the active basis vectors."
    }
  ]
}
