{
  "theoremName": "endpoint eigenrow interval propagation",
  "segmentJson": "endpoint_confluent_segment_bernstein_certificate.json",
  "traceTailJson": "endpoint_confluent_trace_tail_certificate.json",
  "conditionMatrixOrder": 90,
  "controlledQuadratureOrder": 200,
  "centerSynchronizationPolicy": "The Krawczyk recurrence is conditioned at conditionMatrixOrder. It is fully synchronized with the deterministic quadrature center only when conditionMatrixOrder equals controlledQuadratureOrder.",
  "collocationNodeCount": 21,
  "neededTraceQ": 8,
  "jetOrder": 9,
  "entryMatrixCoefficientRadius": 2.1663576835625268e-55,
  "spectralMatrixCoefficientRadius": 1.9497219152062742e-54,
  "traceRadiusTarget": 1e-25,
  "traceDerivativeRefinementRadius": 5.72755256198824e-42,
  "minGap": 1.1635518278617991e-05,
  "maxNewtonRadius": 5.515100315045307e-34,
  "maxKrawczykContractionBound": 7.089729104794563e-18,
  "maxDerivativeEntryRadius": 4.447376894052536e-29,
  "maxDerivativeEntryRadiusText": "4.447376894052536e-29",
  "maxDerivativeRowL2Radius": 1.3342130682157606e-28,
  "maxDerivativeRowL2RadiusText": "1.334213068215761e-28",
  "derivativeBelowTraceTarget": true,
  "derivativeBelowTraceRefinementRadius": false,
  "centerSynchronizedWithSegmentQuadrature": false,
  "worstNode": {
    "s": 0.545,
    "cacheHit": false,
    "gap": 1.1635518278617991e-05,
    "jacobianInverseInfNorm": 33425548844204.81,
    "residualInfBound": 1.6499655221073488e-47,
    "newtonRadius": 5.515100315045307e-34,
    "solutionRadius": 1.1030200630090614e-33,
    "derivativeVariationInfBound": 1.7868925020746795e-31,
    "krawczykContractionBound": 5.972786260744054e-18,
    "derivativeEntryRadius": 4.447376894052536e-29,
    "derivativeRowL2Radius": 1.3342130682157606e-28,
    "lambda0": -6.11293894185649e-07,
    "lambda1": 1.1024224384432343e-05,
    "maxVectorSeriesCoeffInf": 17153681.819230296,
    "maxLambdaSeriesCoeffAbs": 56.14461772397103
  },
  "nodeRows": [
    {
      "s": 0.02,
      "cacheHit": true,
      "gap": 0.0011694587799224133,
      "jacobianInverseInfNorm": 27211545.345554244,
      "residualInfBound": 6.172904265413532e-52,
      "newtonRadius": 1.6797426433206552e-44,
      "solutionRadius": 3.3594852866413105e-44,
      "derivativeVariationInfBound": 5.4423661643589235e-42,
      "krawczykContractionBound": 1.4809519366856296e-34,
      "derivativeEntryRadius": 1.3545444675737765e-39,
      "derivativeRowL2Radius": 4.0636334027213294e-39,
      "lambda0": -0.001156394863013897,
      "lambda1": 1.3063916908516198e-05,
      "maxVectorSeriesCoeffInf": 659.063092345066,
      "maxLambdaSeriesCoeffAbs": 0.15424747862793473
    },
    {
      "s": 0.026423832236261095,
      "cacheHit": true,
      "gap": 0.001118046590061059,
      "jacobianInverseInfNorm": 30077109.6070933,
      "residualInfBound": 6.5327309263714965e-52,
      "newtonRadius": 1.9648566410612366e-44,
      "solutionRadius": 3.929713282122473e-44,
      "derivativeVariationInfBound": 6.366135517038407e-42,
      "krawczykContractionBound": 1.9147495571957372e-34,
      "derivativeEntryRadius": 1.5844603953517812e-39,
      "derivativeRowL2Radius": 4.7533811860553436e-39,
      "lambda0": -0.0011050952609589254,
      "lambda1": 1.2951329102133552e-05,
      "maxVectorSeriesCoeffInf": 666.6964395667527,
      "maxLambdaSeriesCoeffAbs": 0.1654941334086055
    },
    {
      "s": 0.04506651948828815,
      "cacheHit": true,
      "gap": 0.0009791546842123507,
      "jacobianInverseInfNorm": 36263504.679839455,
      "residualInfBound": 8.546413412655638e-52,
      "newtonRadius": 3.0992290278568043e-44,
      "solutionRadius": 6.198458055713609e-44,
      "derivativeVariationInfBound": 1.0041502050256045e-41,
      "krawczykContractionBound": 3.641400565920776e-34,
      "derivativeEntryRadius": 2.499218288063727e-39,
      "derivativeRowL2Radius": 7.497654864191181e-39,
      "lambda0": -0.0009665240359697306,
      "lambda1": 1.2630648242619969e-05,
      "maxVectorSeriesCoeffInf": 699.1724893716731,
      "maxLambdaSeriesCoeffAbs": 0.180149152606826
    },
    {
      "s": 0.0741031856366129,
      "cacheHit": false,
      "gap": 0.0007912259464727471,
      "jacobianInverseInfNorm": 54598666.09758129,
      "residualInfBound": 1.090225511622859e-51,
      "newtonRadius": 5.952485868016121e-44,
      "solutionRadius": 1.1904971736032243e-43,
      "derivativeVariationInfBound": 1.9286054212372232e-41,
      "krawczykContractionBound": 1.0529928342811626e-33,
      "derivativeEntryRadius": 4.8000846039682e-39,
      "derivativeRowL2Radius": 1.4400253811904601e-38,
      "lambda0": -0.0007790764491306617,
      "lambda1": 1.214949734208538e-05,
      "maxVectorSeriesCoeffInf": 888.364407136725,
      "maxLambdaSeriesCoeffAbs": 0.11060168586970252
    },
    {
      "s": 0.11069151948828815,
      "cacheHit": false,
      "gap": 0.0005981087419775116,
      "jacobianInverseInfNorm": 81065391.0375339,
      "residualInfBound": 1.664517919553822e-51,
      "newtonRadius": 1.3493479603761298e-43,
      "solutionRadius": 2.6986959207522596e-43,
      "derivativeVariationInfBound": 4.37188739161866e-41,
      "krawczykContractionBound": 3.544087609736308e-33,
      "derivativeEntryRadius": 1.088114195247311e-38,
      "derivativeRowL2Radius": 3.264342585741933e-38,
      "lambda0": -0.0005865328682231125,
      "lambda1": 1.1575873754399134e-05,
      "maxVectorSeriesCoeffInf": 1816.828240092122,
      "maxLambdaSeriesCoeffAbs": 0.17001865852438583
    },
    {
      "s": 0.15125,
      "cacheHit": false,
      "gap": 0.00043236131406571633,
      "jacobianInverseInfNorm": 118604474.86796072,
      "residualInfBound": 1.9747793685131408e-51,
      "newtonRadius": 2.3421766998258417e-43,
      "solutionRadius": 4.6843533996516835e-43,
      "derivativeVariationInfBound": 7.588652507435727e-41,
      "krawczykContractionBound": 9.000481455998479e-33,
      "derivativeEntryRadius": 1.8887312907395587e-38,
      "derivativeRowL2Radius": 5.666193872218676e-38,
      "lambda0": -0.00042137728300133885,
      "lambda1": 1.098403106437747e-05,
      "maxVectorSeriesCoeffInf": 2116.8709986358926,
      "maxLambdaSeriesCoeffAbs": 0.4301220370779346
    },
    {
      "s": 0.19180848051171184,
      "cacheHit": false,
      "gap": 0.0003081489921707699,
      "jacobianInverseInfNorm": 184891763.49910733,
      "residualInfBound": 1.8814964742705986e-51,
      "newtonRadius": 3.4787320114524377e-43,
      "solutionRadius": 6.957464022904875e-43,
      "derivativeVariationInfBound": 1.1271091717105898e-40,
      "krawczykContractionBound": 2.0839320241358911e-32,
      "derivativeEntryRadius": 2.8052494940352456e-38,
      "derivativeRowL2Radius": 8.415748482105737e-38,
      "lambda0": -0.00029770839786251945,
      "lambda1": 1.044059430825046e-05,
      "maxVectorSeriesCoeffInf": 1605.514157170789,
      "maxLambdaSeriesCoeffAbs": 0.1588622977089643
    },
    {
      "s": 0.2283968143633871,
      "cacheHit": false,
      "gap": 0.00022450604260625787,
      "jacobianInverseInfNorm": 295687928.0216239,
      "residualInfBound": 2.297317230415658e-51,
      "newtonRadius": 6.792889718699816e-43,
      "solutionRadius": 1.3585779437399631e-42,
      "derivativeVariationInfBound": 2.2008962688587402e-40,
      "krawczykContractionBound": 6.507784575293639e-32,
      "derivativeEntryRadius": 5.477786269159532e-38,
      "derivativeRowL2Radius": 1.6433358807478595e-37,
      "lambda0": -0.00021451146095726093,
      "lambda1": 9.994581648996934e-06,
      "maxVectorSeriesCoeffInf": 2004.3529244198899,
      "maxLambdaSeriesCoeffAbs": 0.27488334578009127
    },
    {
      "s": 0.25743348051171183,
      "cacheHit": false,
      "gap": 0.00017339089995854046,
      "jacobianInverseInfNorm": 568941430.4077104,
      "residualInfBound": 1.919653274994337e-51,
      "newtonRadius": 1.0921702801621239e-42,
      "solutionRadius": 2.1843405603242477e-42,
      "derivativeVariationInfBound": 3.538631707725281e-40,