{
  "theoremName": "adjoint Green interior jump conditions",
  "s0": 0.2825,
  "jetOrder": 9,
  "operatorOrder": 8,
  "lambda0": -0.00012862612661029079,
  "lambda1": 9.42101395763874e-06,
  "gap": 0.00013804714056792953,
  "jumpMatrixFrobenius": 97.60456726331792,
  "inverseJumpMatrixFrobenius": 6.551722209743162e+16,
  "jumpMatrixDiagonalProduct": 1.5426921318086964e-43,
  "maxJumpSolveResidual": 0.0,
  "maxJumpNorm": 24129022.585577942,
  "jumpMatrix": [
    [
      95.60784596547076,
      18.334864180153627,
      -6.211459711225032,
      -0.12662146303087554,
      0.05466823563350337,
      -0.0027240767710797103,
      -0.0003761950147621396,
      -4.451792444480957e-06
    ],
    [
      2.736614275030717,
      -1.8461919121386783,
      -0.048137585430622624,
      0.031016650307717213,
      -0.002236410983798138,
      -0.00033249811339963335,
      -4.451792444480957e-06,
      0.0
    ],
    [
      -0.3481627132645929,
      -0.01960313165091895,
      0.014379779286353896,
      -0.0018043564041183662,
      -0.00028880121203712705,
      -4.451792444480957e-06,
      0.0,
      0.0
    ],
    [
      -0.01531158418653934,
      0.003679879613785427,
      -0.0014279130320403951,
      -0.00024510431067462074,
      -4.451792444480957e-06,
      0.0,
      0.0,
      0.0
    ],
    [
      -0.0021607916656161867,
      -0.0011070808675642245,
      -0.0002014074093121145,
      -4.451792444480957e-06,
      0.0,
      0.0,
      0.0,
      0.0
    ],
    [
      -0.0008418599106898546,
      -0.00015771050794960822,
      -4.451792444480957e-06,
      0.0,
      0.0,
      0.0,
      0.0,
      0.0
    ],
    [
      -0.00011401360658710193,
      -4.451792444480957e-06,
      0.0,
      0.0,
      0.0,
      0.0,
      0.0,
      0.0
    ],
    [
      -4.451792444480957e-06,
      0.0,
      0.0,
      0.0,
      0.0,
      0.0,
      0.0,
      0.0
    ]
  ],
  "rows": [
    {
      "sourceNode": 0.08,
      "component": "boundary",
      "sourceRowNorm": 10.438342443499268,
      "targetNorm": 10.438342443499268,
      "jumpNorm": 2.164029635584716,
      "maxAbsJump": 2.131906395579745,
      "residualNorm": 0.0,
      "relativeResidual": 0.0,
      "jumpVector": [
        -0.10995236981977767,
        0.019431507403213658,
        0.04475837833662635,
        -0.047833124451252235,
        -0.07216219403527581,
        0.3100939824923045,
        -0.14097977377672433,
        -2.131906395579745
      ],
      "sourceRow": [
        -10.432720524741622,
        0.3403507939139897,
        0.03864978066970546,
        -0.0017031848593495973,
        0.00020727018836353052,
        -8.930068432332228e-05,
        1.2449561198109168e-05,
        -4.894851292164622e-07
      ]
    },
    {
      "sourceNode": 0.08,
      "component": "adjointEval",
      "sourceRowNorm": 107.41740043918624,
      "targetNorm": 107.41740043918624,
      "jumpNorm": 24129022.585577942,
      "maxAbsJump": 24129022.585577942,
      "residualNorm": 0.0,
      "relativeResidual": 0.0,
      "jumpVector": [
        0.0,
        0.0,
        0.0,
        0.0,
        0.0,
        0.0,
        0.0,
        24129022.585577942
      ],
      "sourceRow": [
        -107.41740043918624,
        0.0,
        0.0,
        0.0,
        0.0,
        0.0,
        0.0,
        0.0
      ]
    },
    {
      "sourceNode": 0.24,
      "component": "boundary",
      "sourceRowNorm": 10.399785975178101,
      "targetNorm": 10.399785975178101,
      "jumpNorm": 2.171501321439461,
      "maxAbsJump": 2.14715227579388,
      "residualNorm": 0.0,
      "relativeResidual": 0.0,
      "jumpVector": [
        -0.10864497048594665,
        0.015167913239823963,
        0.04571988926146263,
        -0.03549437654007173,
        -0.09275756342621738,
        0.265154367546591,
        0.10421293163851557,
        -2.14715227579388
      ],
      "sourceRow": [
        -10.394525713153985,
        0.3285052008573867,
        0.0382758836135585,
        -0.001663171443169371,
        0.00020891672933558158,
        -8.886817039103601e-05,
        1.2319480521092431e-05,
        -4.836648587401938e-07
      ]
    },
    {
      "sourceNode": 0.24,
      "component": "adjointEval",
      "sourceRowNorm": 103.17821238401122,
      "targetNorm": 103.17821238401122,
      "jumpNorm": 23176779.616472207,
      "maxAbsJump": 23176779.616472207,
      "residualNorm": 0.0,
      "relativeResidual": 0.0,
      "jumpVector": [
        0.0,
        0.0,
        0.0,
        0.0,
        0.0,
        0.0,
        0.0,
        23176779.616472207
      ],
      "sourceRow": [
        -103.17821238401122,
        0.0,
        0.0,
        0.0,
        0.0,
        0.0,
        0.0,
        0.0
      ]
    },
    {
      "sourceNode": 0.4,
      "component": "boundary",
      "sourceRowNorm": 10.238572298146638,
      "targetNorm": 10.238572298146638,
      "jumpNorm": 1.85233267020106,
      "maxAbsJump": 1.8126108430840973,
      "residualNorm": 0.0,
      "relativeResidual": 0.0,
      "jumpVector": [
        -0.1061412149547786,
        0.010755444064509468,
        0.04499565748336993,
        -0.02225399600429322,
        -0.10370108167676162,
        0.20022843758889272,
        0.2843086781093854,
        -1.8126108430840973
      ],
      "sourceRow": [
        -10.233717682914461,
        0.3130163275987143,
        0.03745981238819042,
        -0.00160643520812841,
        0.00020847851767393674,
        -8.745947586768626e-05,
        1.2053661719907726e-05,
        -4.725186587837125e-07
      ]
    },
    {
      "sourceNode": 0.4,
      "component": "adjointEval",
      "sourceRowNorm": 97.7202960613159,
      "targetNorm": 97.7202960613159,
      "jumpNorm": 21950775.39665246,
      "maxAbsJump": 21950775.39665246,
      "residualNorm": 0.0,
      "relativeResidual": 0.0,
      "jumpVector": [
        0.0,
        0.0,
        0.0,
        0.0,
        0.0,
        0.0,
        0.0,
        21950775.39665246
      ],
      "sourceRow": [
        -97.7202960613159,
        0.0,
        0.0,
        0.0,
        0.0,
        0.0,
        0.0,
        0.0
      ]
    },
    {
      "sourceNode": 0.52,
      "component": "boundary",
      "sourceRowNorm": 10.04188280474921,
      "targetNorm": 10.04188280474921,
      "jumpNorm": 1.4906039765389272,
      "maxAbsJump": 1.4302116707616899,
      "residualNorm": 0.0,
      "relativeResidual": 0.0,
      "jumpVector": [
        -0.10356175691109845,
        0.007543853453055822,
        0.04341311136680429,
        -0.012655349322656793,
        -0.10531387616673216,
        0.14696681321306307,
        0.3617702747144836,
        -1.4302116707616899
      ],
      "sourceRow": [
        -10.037344729408575,
        0.2996332640481514,
        0.03658532535373862,
        -0.0015550356006897045,
        0.00020673634208241514,
        -8.580148030290877e-05,
        1.1773865740126478e-05,
        -4.6103544695400156e-07
      ]
    },
    {
      "sourceNode": 0.52,
      "component": "adjointEval",
      "sourceRowNorm": 93.05497666991295,
      "targetNorm": 93.05497666991295,
      "jumpNorm": 20902811.132912643,
      "maxAbsJump": 20902811.132912643,
      "residualNorm": 0.0,
      "relativeResidual": 0.0,
      "jumpVector": [
        0.0,
        0.0,
        0.0,
        0.0,
        0.0,
        0.0,
        0.0,
        20902811.132912643
      ],
      "sourceRow": [
        -93.05497666991295,
        0.0,
        0.0,
        0.0,
        0.0,
        0.0,
        0.0,
        0.0
      ]
    }
  ],
  "closedStatements": {
    "distributionalSourceJumpLaw": true,
    "jumpMatrixInvertible": true,
    "interiorSourceSolved": true,
    "endpointConcomitantSolved": false
  },
  "formula": {
    "sourceDistribution": "ell(f)=sum_q d_q f^(q)(s0) is represented by sum_q (-1)^q d_q delta_s0^(q)",
    "jumpCondition": "sum_{k=q+1}^8 (-1)^k [D^(k-1-q)(a_k K)]_{s0}=(-1)^q d_q",