{
  "theoremName": "finite D_q vanishing Schur-defect scan",
  "meaning": "Finite Galerkin test of D_q=0, equivalent to Gamma^*Gamma-C<=0 in quotient Schur coordinates.",
  "parameters": {
    "models": [
      "full"
    ],
    "kind": "tilde3",
    "omega": 0.49,
    "L": 8.0,
    "basisValues": [
      6,
      8
    ],
    "constraintValues": [
      3,
      5
    ],
    "zeroTol": 1e-20,
    "dps": 50
  },
  "rows": [
    {
      "model": "full",
      "kind": "tilde3",
      "omega": 0.49,
      "L": 8.0,
      "basis": 6,
      "quad": 14,
      "laguerre": 24,
      "constraints": 3,
      "traceRank": 3,
      "traceNullity": 3,
      "kMin": 0.0008670423150971114,
      "aMin": 0.005961156626078002,
      "bNorm": 0.0793238115261531,
      "rangeResidual": 0.0,
      "normalizedRangeResidual": 0.0,
      "gamma2Min": 5.508469930663352e-07,
      "gamma2Max": 0.05337019030671383,
      "schurDefectMin": -0.036900312628838174,
      "schurDefectMax": -0.0014084315519562395,
      "dqPositivePartNorm": 0.0,
      "finiteDqZero": true,
      "lowSchurDefect": [
        -0.036900312628838174,
        -0.0067635287974607,
        -0.0014084315519562395
      ]
    },
    {
      "model": "full",
      "kind": "tilde3",
      "omega": 0.49,
      "L": 8.0,
      "basis": 6,
      "quad": 14,
      "laguerre": 24,
      "constraints": 5,
      "traceRank": 5,
      "traceNullity": 1,
      "kMin": 0.0008670423150971114,
      "aMin": 0.02745171947716873,
      "bNorm": 0.03625059573576383,
      "rangeResidual": 0.0,
      "normalizedRangeResidual": 0.0,
      "gamma2Min": -7.944190846026614e-53,
      "gamma2Max": 0.04786970420161494,
      "schurDefectMin": -0.23254379826080623,
      "schurDefectMax": -0.0009754132598512934,
      "dqPositivePartNorm": 0.0,
      "finiteDqZero": true,
      "lowSchurDefect": [
        -0.23254379826080623,
        -0.05679140959968284,
        -0.015949948131126067,
        -0.004737685329710292,
        -0.0009754132598512934
      ]
    },
    {
      "model": "full",
      "kind": "tilde3",
      "omega": 0.49,
      "L": 8.0,
      "basis": 8,
      "quad": 16,
      "laguerre": 24,
      "constraints": 3,
      "traceRank": 3,
      "traceNullity": 5,
      "kMin": 9.27493449318089e-05,
      "aMin": 0.0008312223258238983,
      "bNorm": 0.06935355757552718,
      "rangeResidual": 0.0,
      "normalizedRangeResidual": 0.0,
      "gamma2Min": 2.386290388927614e-05,
      "gamma2Max": 0.048899490009431876,
      "schurDefectMin": -0.005474781389987739,
      "schurDefectMax": -0.00020088638930089965,
      "dqPositivePartNorm": 0.0,
      "finiteDqZero": true,
      "lowSchurDefect": [
        -0.005474781389987739,
        -0.0009650150910371972,
        -0.00020088638930089965
      ]
    },
    {
      "model": "full",
      "kind": "tilde3",
      "omega": 0.49,
      "L": 8.0,
      "basis": 8,
      "quad": 16,
      "laguerre": 24,
      "constraints": 5,
      "traceRank": 5,
      "traceNullity": 3,
      "kMin": 9.27493449318089e-05,
      "aMin": 0.004058760062849071,
      "bNorm": 0.10040238636535147,
      "rangeResidual": 0.0,
      "normalizedRangeResidual": 0.0,
      "gamma2Min": -1.022970402147552e-52,
      "gamma2Max": 0.084129089268374,
      "schurDefectMin": -0.0415569984677974,
      "schurDefectMax": -0.00011790089587421823,
      "dqPositivePartNorm": 0.0,
      "finiteDqZero": true,
      "lowSchurDefect": [
        -0.0415569984677974,
        -0.009130067614252368,
        -0.002409999873429942,
        -0.0006562531575206292,
        -0.00011790089587421823
      ]
    }
  ],
  "worstRow": {
    "model": "full",
    "kind": "tilde3",
    "omega": 0.49,
    "L": 8.0,
    "basis": 8,
    "quad": 16,
    "laguerre": 24,
    "constraints": 5,
    "traceRank": 5,
    "traceNullity": 3,
    "kMin": 9.27493449318089e-05,
    "aMin": 0.004058760062849071,
    "bNorm": 0.10040238636535147,
    "rangeResidual": 0.0,
    "normalizedRangeResidual": 0.0,
    "gamma2Min": -1.022970402147552e-52,
    "gamma2Max": 0.084129089268374,
    "schurDefectMin": -0.0415569984677974,
    "schurDefectMax": -0.00011790089587421823,
    "dqPositivePartNorm": 0.0,
    "finiteDqZero": true,
    "lowSchurDefect": [
      -0.0415569984677974,
      -0.009130067614252368,
      -0.002409999873429942,
      -0.0006562531575206292,
      -0.00011790089587421823
    ]
  },
  "allFiniteDqZero": true,
  "finiteEvidenceStatus": {
    "label": "finite Schur defect nonpositive",
    "closed": true,
    "status": "closed",
    "reason": "Every scanned finite quotient has lambda_max(Gamma^*Gamma-C) below the zero tolerance."
  },
  "continuumTheoremClosed": false,
  "nextProofTarget": "Promote the finite inequality Gamma^*Gamma-C<=0 to the completed trace range X_R, or identify a stable positive Schur-defect mode and abandon the repair-free route."
}
