{
  "omega": 0.49,
  "L": 2.0,
  "basis": 22,
  "sourceGrid": 65,
  "fullNmax": 8,
  "tailStart": 9,
  "sourceOrder": 16,
  "sourceRmax": 10.0,
  "vMin": 0.08,
  "ivDps": 40,
  "tailDerivativeBounds": [
    5.955901852758263e-115,
    1.6611461140924646e-112,
    4.6330625848467166e-110,
    1.2921964066278624e-107,
    3.604034345415448e-105,
    1.0051927389340967e-102,
    2.8035596070846274e-100,
    7.819343196915095e-98,
    2.1808750567726456e-95
  ],
  "tailGeometricRatios": [
    1.259996173919686e-28,
    1.5521172100130394e-28,
    1.9119643423937365e-28,
    2.355239350391451e-28,
    2.9012843480631634e-28,
    3.5739257666118164e-28,
    4.402514007199731e-28,
    5.423204128694707e-28,
    6.680533452265543e-28
  ],
  "maxPropagatedHDerivativeBounds": [
    1.2316668766773615e-40,
    5.16095834059688e-41,
    1.8298258998142964e-40,
    8.29737933602043e-40,
    8.063220353782107e-39,
    1.011167907920163e-37,
    1.5222705304041843e-36,
    2.691387016073165e-35,
    5.435079996165372e-34
  ],
  "minDenominatorAbsLower": 0.46191602352495165,
  "sourceNodesFirstLast": [
    0.08,
    0.52
  ],
  "sourceWeightsFirstLast": [
    0.0034375,
    0.0034375
  ],
  "rowNormBounds": [
    5.783952506466846e-34,
    3.415097228771397e-34,
    8.012864457006032e-34,
    4.776081365213995e-34,
    8.183621794026022e-34,
    4.82928122095202e-34,
    8.05495048844586e-34,
    4.742433005577885e-34,
    8.511015711179477e-34,
    4.9015440709757034e-34,
    8.313366871682917e-34,
    4.765508792536956e-34,
    8.266113012208955e-34,
    4.766067281835032e-34,
    8.324180787248952e-34,
    4.782895043725307e-34,
    8.37284638642636e-34,
    4.770577706436979e-34,
    8.494778183374882e-34,
    4.823576873664003e-34,
    8.371274261422615e-34,
    4.755946844750256e-34,
    8.091896007929588e-34,
    4.6695876549170125e-34,
    8.20261789437597e-34,
    4.695067089426952e-34,
    8.383115816998681e-34,
    4.772577954999691e-34,
    8.354847709398593e-34,
    4.690842907196059e-34,
    8.314032833606133e-34,
    4.710150715916529e-34,
    8.29737409443955e-34,
    4.6632488705197494e-34,
    8.177689075848657e-34,
    4.6015220294756975e-34,
    8.443513324125758e-34,
    4.644692440338047e-34,
    8.385778683164114e-34,
    4.617993194260957e-34,
    8.337162744867669e-34,
    4.613734006715885e-34,
    8.37198192882295e-34,
    4.5739838751713294e-34,
    8.272460270355528e-34,
    4.567104795738901e-34,
    8.482509763045943e-34,
    4.591711551045548e-34,
    8.505739286808123e-34,
    4.648200236895369e-34,
    8.380143384261684e-34,
    4.572417743393781e-34,
    8.538727764044674e-34,
    4.595547909421322e-34,
    8.464329656566198e-34,
    4.529644962268667e-34,
    8.368556673963065e-34,
    4.528124669007105e-34,
    8.3065225934337e-34,
    4.49480160730488e-34,
    8.466294390708316e-34,
    4.520330262896399e-34,
    8.474299151739501e-34,
    4.535978431698933e-34,
    8.455016451290557e-34,
    4.4835413983542595e-34,
    8.394582050029151e-34,
    4.4429754492058655e-34,
    8.454465096705044e-34,
    4.468643553473786e-34,
    8.450482855910734e-34,
    4.458184883633421e-34,
    8.499792459343533e-34,
    4.441716716254816e-34,
    8.434327490020115e-34,
    4.406786877524313e-34,
    8.447043168573419e-34,
    4.431301554729773e-34,
    8.537812722496675e-34,
    4.40546025876587e-34,
    8.444265095323517e-34,
    4.4156215463272154e-34,
    8.485807230691832e-34,
    4.388970662942253e-34,
    8.493812075002067e-34,
    4.405860502486979e-34,
    8.502590643463233e-34,
    4.4253130005904e-34,
    8.533840779010384e-34,
    4.379020816253899e-34,
    8.423392213370836e-34,
    4.344102053735673e-34,
    8.58092810052573e-34,
    4.356668721395528e-34,
    8.528397777658913e-34,
    4.344878293121187e-34,
    8.643095398048033e-34,
    4.387468528020383e-34,
    8.68644389060125e-34,
    4.363727729935455e-34,
    9.033183349169915e-34,
    4.494321246816022e-34,
    8.578849157169674e-34,
    4.336166416259241e-34,
    8.588262085871069e-34,
    4.361137966884685e-34,
    8.688392833137571e-34,
    4.3520196243899094e-34,
    8.652878034326812e-34,
    4.389865918630658e-34,
    8.916495173756783e-34,
    4.426899062137202e-34,
    8.690859550724829e-34,
    4.352992396653306e-34,
    8.58016434393269e-34,
    4.314883796988492e-34,
    8.79939606345916e-34,
    4.370207480963509e-34,
    8.683980138015007e-34,
    4.321441327743763e-34,
    8.816602061488535e-34,
    4.4060849103994785e-34,
    8.80465207832174e-34,
    4.368877286768743e-34,
    8.685942064525124e-34,
    4.316660818182758e-34,
    8.454509774713395e-34,
    4.225940452744267e-34,
    6.014112715301556e-34,
    2.9841786165596006e-34
  ],
  "deltaEOperatorBound": 7.682748945593457e-33,
  "finiteE8OperatorNorm": 374321.3988158658,
  "finiteS8OperatorNorm": 140116509611.46646,
  "deltaSOperatorBound": 5.751634664131322e-27,
  "deltaSRelativeToS8": 4.104894334065424e-38,
  "activeEigenvaluesS8": [
    11488992074.184015,
    140116509611.46646
  ],
  "complementTopEigenvalueS8": 11385.319915330632,
  "spectralGapToComplementS8": 11488980688.8641,
  "tailProjectorAlpha": 2.0024873641597108e-36,
  "tailGapConditionPasses": true,
  "finiteActiveResponseSingularValuesS8": [
    1206605112115865.0,
    5.360235439297644e+17
  ],
  "finiteRankMarginS8": 1206605112115865.0,
  "responseOperatorNorm": 5.363298707952263e+17,
  "lowerBoundAfterOmittedTail": 1206605112115865.0,
  "rankPersistsForFullPhi": true,
  "lambda0AtS0": -0.00012862612661029079,
  "lambda1AtS0": 9.42101395763874e-06,
  "gapAtS0": 0.00013804714056792953,
  "lambdaDerivativesAtS0": [
    -0.00012862612661029079,
    0.0012586353561607226,
    -0.010569790654668558,
    0.08131470927283976,
    -0.48480406794895253,
    0.3262134539749114,
    33.05440359008409,
    -172.53886154243878,
    -11867.497399991053,
    225121.96880967333,
    3735520.511510404,
    -308912314.588315,
    3399472962.8393655,
    369400519027.39575,
    -16726614828278.037,
    -133545146978831.05,
    5.480905836994158e+16
  ],
  "interpretation": "Interval propagation of the omitted n>=tailStart theta profile through the normalized source-row map Psi -> E_u^Psi on the finite source grid. The bound uses derivative envelopes for the theta tail, interval quotient arithmetic for Psi(x+r)/Psi(x), and ||Delta S|| <= 2||E8||||Delta E||+||Delta E||^2."
}
