{
  "omega": 0.49,
  "L": 2.0,
  "bases": [
    20
  ],
  "constraintMode": "ratio",
  "constraintRatio": 0.625,
  "cutoffs": [
    5,
    6
  ],
  "orders": [
    10,
    12
  ],
  "results": [
    {
      "basis": 20,
      "constraints": 12,
      "rank": 12,
      "nullity": 8,
      "positiveModes": 8,
      "lambdaMinA": 4.410511401245314e-11,
      "lambdaMaxA": 0.1543899487639319,
      "rows": [
        {
          "cutoff": 5,
          "order": 10,
          "hardyMax": 0.00013640863092845675,
          "hardyWorstT": 0.08,
          "commutedConstant": 4775.424441374153,
          "product": 0.6514091101501386,
          "normProduct": 0.8070991947401128,
          "sMin": 138307.1827438036,
          "sMax": 1.3408978982341388e+19,
          "subunit": true,
          "emptyHighBlock": false
        },
        {
          "cutoff": 5,
          "order": 12,
          "hardyMax": 3.834869589200962e-08,
          "hardyWorstT": 0.08,
          "commutedConstant": 1541.3207270834266,
          "product": 5.910763983497349e-05,
          "normProduct": 0.007688149311438579,
          "sMin": 1652210241.9799023,
          "sMax": 4.546192580880838e+22,
          "subunit": true,
          "emptyHighBlock": false
        },
        {
          "cutoff": 6,
          "order": 10,
          "hardyMax": 8.387881587138586e-11,
          "hardyWorstT": 0.08,
          "commutedConstant": 2995.1131551663166,
          "product": 2.51226544856161e-07,
          "normProduct": 0.0005012250441230575,
          "sMin": 71776918156.57675,
          "sMax": 4.8602315889539944e+16,
          "subunit": true,
          "emptyHighBlock": false
        },
        {
          "cutoff": 6,
          "order": 12,
          "hardyMax": 6.314832180191212e-14,
          "hardyWorstT": 0.08,
          "commutedConstant": 1400.993778568145,
          "product": 8.847040597149803e-11,
          "normProduct": 9.405870824729522e-06,
          "sMin": 197689849874613.53,
          "sMax": 2.465074366847532e+20,
          "subunit": true,
          "emptyHighBlock": false
        }
      ]
    }
  ],
  "interpretation": "Basis-refinement scan for D_{m,M}=max_u H_{m,M}(u) C_{m,M}. Subunit rows are finite high-block domination certificates."
}
