{
  "omega": 0.49,
  "L": 2.0,
  "s0": 0.2825,
  "sourceMin": 0.08,
  "sourceMax": 0.52,
  "sourceGrid": 9,
  "bases": [
    18,
    20,
    22
  ],
  "constraintRule": "basis-minus",
  "constraintOffset": 8,
  "cutoff": 6,
  "jetOrder": 9,
  "maxTraceQ": 16,
  "lambda0": -0.00012862612661029079,
  "lambda1": 9.42101395763874e-06,
  "gap": 0.00013804714056792953,
  "e8AtS0": -0.17949627136147217,
  "lambdaDerivatives": [
    -0.00012862612661029079,
    0.0012586353561607226,
    -0.010569790654668558,
    0.08131470927283976,
    -0.48480406794895253,
    0.3262134539749114,
    33.05440359008409,
    -172.53886154243878,
    -11867.497399991053,
    225121.96880967333,
    3735520.511510404,
    -308912314.588315,
    3399472962.8393655,
    369400519027.39575,
    -16726614828278.037,
    -133545146978831.05,
    5.480905836994158e+16
  ],
  "rows": [
    {
      "basis": 18,
      "towerConstraints": 10,
      "rank": 7,
      "nullity": 11,
      "positiveModes": 11,
      "cutoff": 6,
      "highModes": 5,
      "lambdaMinHigh": 3.7094961197795018e-06,
      "lambdaMaxHigh": 0.1543899510231228,
      "maxHighConstant": 2298068078.579445,
      "maxDerivativeHighConstant": 322133487.7499219,
      "maxFullConstant": 1.031156984943557e+16,
      "maxHighFullFrac": 2.233323913508722e-07,
      "maxDerivativeHighFullFrac": 2.2116200880001177e-07,
      "rows": [
        {
          "u": 0.08,
          "pStar": -107.41740043918624,
          "dPStar": 21.951179400950767,
          "highConstant": 2298068078.579445,
          "fullConstant": 1.031156984943557e+16,
          "highFullFrac": 2.2286306664598073e-07,
          "dHighConstant": 94895961.97937971,
          "dFullConstant": 430516314305400.1,
          "dHighFullFrac": 2.2042361421886166e-07,
          "highRowSize": 27479.04589118162,
          "fullRowSize": 46663.7705500989,
          "dHighRowSize": 1135.6064403428059,
          "dFullRowSize": 1932.9867136851367
        },
        {
          "u": 0.135,
          "pStar": -106.11998375896385,
          "dPStar": 25.18945454247282,
          "highConstant": 2243541284.583224,
          "fullConstant": 1.0064568544064034e+16,
          "highFullFrac": 2.2291480004937109e-07,
          "dHighConstant": 124943058.21378799,
          "dFullConstant": 566715201170330.5,
          "dHighFullFrac": 2.2046886682370005e-07,
          "highRowSize": 26826.162439485186,
          "fullRowSize": 45551.86939822373,
          "dHighRowSize": 1495.3504698680008,
          "dFullRowSize": 2545.6246028211735
        },
        {
          "u": 0.19,
          "pStar": -104.6509759828204,
          "dPStar": 28.187073502008676,
          "highConstant": 2182526959.982669,
          "fullConstant": 9788478425495020.0,
          "highFullFrac": 2.2296897077466818e-07,
          "dHighConstant": 156470651.70522904,
          "dFullConstant": 709466567969156.4,
          "dHighFullFrac": 2.2054689927550117e-07,
          "highRowSize": 26095.701486438746,
          "fullRowSize": 44308.19983107699,
          "dHighRowSize": 1872.7854464345555,
          "dFullRowSize": 3188.2572444421553
        },
        {
          "u": 0.245,
          "pStar": -103.02418447121939,
          "dPStar": 30.924222175913027,
          "highConstant": 2115882922.5175288,
          "fullConstant": 9487185043808100.0,
          "highFullFrac": 2.230253666126687e-07,
          "dHighConstant": 188385343.06243068,
          "dFullConstant": 853814986650054.9,
          "dHighFullFrac": 2.2063953667709795e-07,
          "highRowSize": 25297.93372053776,
          "fullRowSize": 42950.25234988967,
          "dHighRowSize": 2254.81994049159,
          "dFullRowSize": 3838.589636761885
        },
        {
          "u": 0.3,
          "pStar": -101.25434857934155,
          "dPStar": 33.38680926995107,
          "highConstant": 2044500977.5477076,
          "fullConstant": 9164723429678846.0,
          "highFullFrac": 2.230837616907062e-07,
          "dHighConstant": 219658512.52767178,
          "dFullConstant": 995104816784443.8,
          "dHighFullFrac": 2.2073907072168606e-07,
          "highRowSize": 24443.535490614446,
          "fullRowSize": 41496.204131007944,
          "dHighRowSize": 2629.1393434985785,
          "dFullRowSize": 4475.653842742463
        },
        {
          "u": 0.355,
          "pStar": -99.35682874035949,
          "dPStar": 35.5663016341222,
          "highConstant": 1969283013.9214466,
          "fullConstant": 8825170045352925.0,
          "highFullFrac": 2.231439172051323e-07,
          "dHighConstant": 249369651.2061851,
          "dFullConstant": 1129176040641623.0,
          "dHighFullFrac": 2.2084213818820287e-07,
          "highRowSize": 23543.302667931646,
          "fullRowSize": 39964.4319413031,
          "dHighRowSize": 2984.724584483945,
          "dFullRowSize": 5080.692060039159
        },
        {
          "u": 0.41,
          "pStar": -97.34730856291115,
          "dPStar": 37.459419203492665,
          "highConstant": 1891119177.073079,
          "fullConstant": 8472544258545005.0,
          "highFullFrac": 2.2320558256934287e-07,
          "dHighConstant": 276738246.8736612,
          "dFullConstant": 1252507960689268.0,
          "dHighFullFrac": 2.2094729579312958e-07,
          "highRowSize": 22607.88940515718,
          "fullRowSize": 38373.067531262386,
          "dHighRowSize": 3312.233765872028,
          "dFullRowSize": 5637.806119666357
        },
        {
          "u": 0.465,
          "pStar": -95.24151704721294,
          "dPStar": 39.06771260142718,
          "highConstant": 1810868759.1295905,
          "fullConstant": 8110722218576231.0,
          "highFullFrac": 2.2326849697578144e-07,
          "dHighConstant": 301143668.5260453,
          "dFullConstant": 1362308309736087.8,
          "dHighFullFrac": 2.2105397608885183e-07,
          "highRowSize": 21647.579447964643,
          "fullRowSize": 36739.60853165907,
          "dHighRowSize": 3604.2400729617207,
          "dFullRowSize": 6134.362114245636
        },
        {
          "u": 0.52,
          "pStar": -93.05497666991295,
          "dPStar": 40.39704932949021,
          "highConstant": 1729344232.1940951,
          "fullConstant": 7743365043170848.0,
          "highFullFrac": 2.233323913508722e-07,
          "dHighConstant": 322133487.7499219,
          "dFullConstant": 1456549836464972.2,
          "dHighFullFrac": 2.2116200880001177e-07,
          "highRowSize": 20672.095096864636,
          "fullRowSize": 35080.593521574934,
          "dHighRowSize": 3855.331213250617,
          "dFullRowSize": 6561.159134840683
        }
      ]
    },
    {
      "basis": 20,
      "towerConstraints": 12,
      "rank": 7,
      "nullity": 13,
      "positiveModes": 12,
      "cutoff": 6,
      "highModes": 6,
      "lambdaMinHigh": 2.4303999162118003e-07,
      "lambdaMaxHigh": 0.15438995102312345,
      "maxHighConstant": 44097866357.490295,
      "maxDerivativeHighConstant": 6166906782.272713,
      "maxFullConstant": 1.5726402451228695e+18,
      "maxHighFullFrac": 2.804065741942459e-08,
      "maxDerivativeHighFullFrac": 4.988487160993998e-07,
      "rows": [
        {
          "u": 0.08,
          "pStar": -107.41740043918624,
          "dPStar": 21.951179400950767,
          "highConstant": 44097866357.490295,
          "fullConstant": 1.5726402451228695e+18,
          "highFullFrac": 2.804065741942459e-08,
          "dHighConstant": 1812685870.4655752,
          "dFullConstant": 3633738670592032.5,
          "dHighFullFrac": 4.988487160993998e-07,
          "highRowSize": 37648.35074533241,
          "fullRowSize": 49079.68368179614,
          "dHighRowSize": 1553.7103422411299,
          "dFullRowSize": 2046.4492137866375
        },
        {
          "u": 0.135,
          "pStar": -106.11998375896385,
          "dPStar": 25.18945454247282,
          "highConstant": 43053890739.43571,
          "fullConstant": 1.5646921215198318e+18,